Hour;Year;Month;Day;Season;Daytime;Value;Max_Temp;Avrg_Temp;Min_Temp
1;2017;8;1;2;4;;91;81;68
2;2017;8;1;2;4;;91;81;68
3;2017;8;1;2;4;;91;81;68
4;2017;8;1;2;4;;91;81;68
5;2017;8;1;2;4;;91;81;68
6;2017;8;1;2;1;;91;81;68
7;2017;8;1;2;1;;91;81;68
8;2017;8;1;2;1;;91;81;68
9;2017;8;1;2;1;;91;81;68
10;2017;8;1;2;1;;91;81;68
11;2017;8;1;2;1;;91;81;68
12;2017;8;1;2;2;;91;81;68
13;2017;8;1;2;2;;91;81;68
14;2017;8;1;2;2;;91;81;68
15;2017;8;1;2;2;;91;81;68
16;2017;8;1;2;2;;91;81;68
17;2017;8;1;2;2;;91;81;68
18;2017;8;1;2;3;;91;81;68
19;2017;8;1;2;3;;91;81;68
20;2017;8;1;2;3;;91;81;68
21;2017;8;1;2;3;;91;81;68
22;2017;8;1;2;3;;91;81;68
23;2017;8;1;2;3;;91;81;68
24;2017;8;1;2;4;;91;81;68
1;2017;8;2;2;4;;95;82;64
2;2017;8;2;2;4;;95;82;64
3;2017;8;2;2;4;;95;82;64
4;2017;8;2;2;4;;95;82;64
5;2017;8;2;2;4;;95;82;64
6;2017;8;2;2;1;;95;82;64
7;2017;8;2;2;1;;95;82;64
8;2017;8;2;2;1;;95;82;64
9;2017;8;2;2;1;;95;82;64
10;2017;8;2;2;1;;95;82;64
11;2017;8;2;2;1;;95;82;64
12;2017;8;2;2;2;;95;82;64
13;2017;8;2;2;2;;95;82;64
14;2017;8;2;2;2;;95;82;64
15;2017;8;2;2;2;;95;82;64
16;2017;8;2;2;2;;95;82;64
17;2017;8;2;2;2;;95;82;64
18;2017;8;2;2;3;;95;82;64
19;2017;8;2;2;3;;95;82;64
20;2017;8;2;2;3;;95;82;64
21;2017;8;2;2;3;;95;82;64
22;2017;8;2;2;3;;95;82;64
23;2017;8;2;2;3;;95;82;64
24;2017;8;2;2;4;;95;82;64
1;2017;8;3;2;4;;99;84;66
2;2017;8;3;2;4;;99;84;66
3;2017;8;3;2;4;;99;84;66
4;2017;8;3;2;4;;99;84;66
5;2017;8;3;2;4;;99;84;66
6;2017;8;3;2;1;;99;84;66
7;2017;8;3;2;1;;99;84;66
8;2017;8;3;2;1;;99;84;66
9;2017;8;3;2;1;;99;84;66
10;2017;8;3;2;1;;99;84;66
11;2017;8;3;2;1;;99;84;66
12;2017;8;3;2;2;;99;84;66
13;2017;8;3;2;2;;99;84;66
14;2017;8;3;2;2;;99;84;66
15;2017;8;3;2;2;;99;84;66
16;2017;8;3;2;2;;99;84;66
17;2017;8;3;2;2;;99;84;66
18;2017;8;3;2;3;;99;84;66
19;2017;8;3;2;3;;99;84;66
20;2017;8;3;2;3;;99;84;66
21;2017;8;3;2;3;;99;84;66
22;2017;8;3;2;3;;99;84;66
23;2017;8;3;2;3;;99;84;66
24;2017;8;3;2;4;;99;84;66
1;2017;8;4;2;4;;100;87;70
2;2017;8;4;2;4;;100;87;70
3;2017;8;4;2;4;;100;87;70
4;2017;8;4;2;4;;100;87;70
5;2017;8;4;2;4;;100;87;70
6;2017;8;4;2;1;;100;87;70
7;2017;8;4;2;1;;100;87;70
8;2017;8;4;2;1;;100;87;70
9;2017;8;4;2;1;;100;87;70
10;2017;8;4;2;1;;100;87;70
11;2017;8;4;2;1;;100;87;70
12;2017;8;4;2;2;;100;87;70
13;2017;8;4;2;2;;100;87;70
14;2017;8;4;2;2;;100;87;70
15;2017;8;4;2;2;;100;87;70
16;2017;8;4;2;2;;100;87;70
17;2017;8;4;2;2;;100;87;70
18;2017;8;4;2;3;;100;87;70
19;2017;8;4;2;3;;100;87;70
20;2017;8;4;2;3;;100;87;70
21;2017;8;4;2;3;;100;87;70
22;2017;8;4;2;3;;100;87;70
23;2017;8;4;2;3;;100;87;70
24;2017;8;4;2;4;;100;87;70
1;2017;8;5;2;4;;104;90;75
2;2017;8;5;2;4;;104;90;75
3;2017;8;5;2;4;;104;90;75
4;2017;8;5;2;4;;104;90;75
5;2017;8;5;2;4;;104;90;75
6;2017;8;5;2;1;;104;90;75
7;2017;8;5;2;1;;104;90;75
8;2017;8;5;2;1;;104;90;75
9;2017;8;5;2;1;;104;90;75
10;2017;8;5;2;1;;104;90;75
11;2017;8;5;2;1;;104;90;75
12;2017;8;5;2;2;;104;90;75
13;2017;8;5;2;2;;104;90;75
14;2017;8;5;2;2;;104;90;75
15;2017;8;5;2;2;;104;90;75
16;2017;8;5;2;2;;104;90;75
17;2017;8;5;2;2;;104;90;75
18;2017;8;5;2;3;;104;90;75
19;2017;8;5;2;3;;104;90;75
20;2017;8;5;2;3;;104;90;75
21;2017;8;5;2;3;;104;90;75
22;2017;8;5;2;3;;104;90;75
23;2017;8;5;2;3;;104;90;75
24;2017;8;5;2;4;;104;90;75
1;2017;8;6;2;4;;99;86;72
2;2017;8;6;2;4;;99;86;72
3;2017;8;6;2;4;;99;86;72
4;2017;8;6;2;4;;99;86;72
5;2017;8;6;2;4;;99;86;72
6;2017;8;6;2;1;;99;86;72
7;2017;8;6;2;1;;99;86;72
8;2017;8;6;2;1;;99;86;72
9;2017;8;6;2;1;;99;86;72
10;2017;8;6;2;1;;99;86;72
11;2017;8;6;2;1;;99;86;72
12;2017;8;6;2;2;;99;86;72
13;2017;8;6;2;2;;99;86;72
14;2017;8;6;2;2;;99;86;72
15;2017;8;6;2;2;;99;86;72
16;2017;8;6;2;2;;99;86;72
17;2017;8;6;2;2;;99;86;72
18;2017;8;6;2;3;;99;86;72
19;2017;8;6;2;3;;99;86;72
20;2017;8;6;2;3;;99;86;72
21;2017;8;6;2;3;;99;86;72
22;2017;8;6;2;3;;99;86;72
23;2017;8;6;2;3;;99;86;72
24;2017;8;6;2;4;;99;86;72
1;2017;8;7;2;4;;99;84;68
2;2017;8;7;2;4;;99;84;68
3;2017;8;7;2;4;;99;84;68
4;2017;8;7;2;4;;99;84;68
5;2017;8;7;2;4;;99;84;68
6;2017;8;7;2;1;;99;84;68
7;2017;8;7;2;1;;99;84;68
8;2017;8;7;2;1;;99;84;68
9;2017;8;7;2;1;;99;84;68
10;2017;8;7;2;1;;99;84;68
11;2017;8;7;2;1;;99;84;68
12;2017;8;7;2;2;;99;84;68
13;2017;8;7;2;2;;99;84;68
14;2017;8;7;2;2;;99;84;68
15;2017;8;7;2;2;;99;84;68
16;2017;8;7;2;2;;99;84;68
17;2017;8;7;2;2;;99;84;68
18;2017;8;7;2;3;;99;84;68
19;2017;8;7;2;3;;99;84;68
20;2017;8;7;2;3;;99;84;68
21;2017;8;7;2;3;;99;84;68
22;2017;8;7;2;3;;99;84;68
23;2017;8;7;2;3;;99;84;68
24;2017;8;7;2;4;;99;84;68
1;2017;8;8;2;4;;86;78;64
2;2017;8;8;2;4;;86;78;64
3;2017;8;8;2;4;;86;78;64
4;2017;8;8;2;4;;86;78;64
5;2017;8;8;2;4;;86;78;64
6;2017;8;8;2;1;;86;78;64
7;2017;8;8;2;1;;86;78;64
8;2017;8;8;2;1;;86;78;64
9;2017;8;8;2;1;;86;78;64
10;2017;8;8;2;1;;86;78;64
11;2017;8;8;2;1;;86;78;64
12;2017;8;8;2;2;;86;78;64
13;2017;8;8;2;2;;86;78;64
14;2017;8;8;2;2;;86;78;64
15;2017;8;8;2;2;;86;78;64
16;2017;8;8;2;2;;86;78;64
17;2017;8;8;2;2;;86;78;64
18;2017;8;8;2;3;;86;78;64
19;2017;8;8;2;3;;86;78;64
20;2017;8;8;2;3;;86;78;64
21;2017;8;8;2;3;;86;78;64
22;2017;8;8;2;3;;86;78;64
23;2017;8;8;2;3;;86;78;64
24;2017;8;8;2;4;;86;78;64
1;2017;8;9;2;4;;86;72;61
2;2017;8;9;2;4;;86;72;61
3;2017;8;9;2;4;;86;72;61
4;2017;8;9;2;4;;86;72;61
5;2017;8;9;2;4;;86;72;61
6;2017;8;9;2;1;;86;72;61
7;2017;8;9;2;1;;86;72;61
8;2017;8;9;2;1;;86;72;61
9;2017;8;9;2;1;;86;72;61
10;2017;8;9;2;1;;86;72;61
11;2017;8;9;2;1;;86;72;61
12;2017;8;9;2;2;;86;72;61
13;2017;8;9;2;2;;86;72;61
14;2017;8;9;2;2;;86;72;61
15;2017;8;9;2;2;;86;72;61
16;2017;8;9;2;2;;86;72;61
17;2017;8;9;2;2;;86;72;61
18;2017;8;9;2;3;;86;72;61
19;2017;8;9;2;3;;86;72;61
20;2017;8;9;2;3;;86;72;61
21;2017;8;9;2;3;;86;72;61
22;2017;8;9;2;3;;86;72;61
23;2017;8;9;2;3;;86;72;61
24;2017;8;9;2;4;;86;72;61
1;2017;8;10;2;4;;81;67;54
2;2017;8;10;2;4;;81;67;54
3;2017;8;10;2;4;;81;67;54
4;2017;8;10;2;4;;81;67;54
5;2017;8;10;2;4;;81;67;54
6;2017;8;10;2;1;;81;67;54
7;2017;8;10;2;1;;81;67;54
8;2017;8;10;2;1;;81;67;54
9;2017;8;10;2;1;;81;67;54
10;2017;8;10;2;1;;81;67;54
11;2017;8;10;2;1;;81;67;54
12;2017;8;10;2;2;;81;67;54
13;2017;8;10;2;2;;81;67;54
14;2017;8;10;2;2;;81;67;54
15;2017;8;10;2;2;;81;67;54
16;2017;8;10;2;2;;81;67;54
17;2017;8;10;2;2;;81;67;54
18;2017;8;10;2;3;;81;67;54
19;2017;8;10;2;3;;81;67;54
20;2017;8;10;2;3;;81;67;54
21;2017;8;10;2;3;;81;67;54
22;2017;8;10;2;3;;81;67;54
23;2017;8;10;2;3;;81;67;54
24;2017;8;10;2;4;;81;67;54
1;2017;8;11;2;4;;86;71;55
2;2017;8;11;2;4;;86;71;55
3;2017;8;11;2;4;;86;71;55
4;2017;8;11;2;4;;86;71;55
5;2017;8;11;2;4;;86;71;55
6;2017;8;11;2;1;;86;71;55
7;2017;8;11;2;1;;86;71;55
8;2017;8;11;2;1;;86;71;55
9;2017;8;11;2;1;;86;71;55
10;2017;8;11;2;1;;86;71;55
11;2017;8;11;2;1;;86;71;55
12;2017;8;11;2;2;;86;71;55
13;2017;8;11;2;2;;86;71;55
14;2017;8;11;2;2;;86;71;55
15;2017;8;11;2;2;;86;71;55
16;2017;8;11;2;2;;86;71;55
17;2017;8;11;2;2;;86;71;55
18;2017;8;11;2;3;;86;71;55
19;2017;8;11;2;3;;86;71;55
20;2017;8;11;2;3;;86;71;55
21;2017;8;11;2;3;;86;71;55
22;2017;8;11;2;3;;86;71;55
23;2017;8;11;2;3;;86;71;55
24;2017;8;11;2;4;;86;71;55
1;2017;8;12;2;4;;91;76;59
2;2017;8;12;2;4;;91;76;59
3;2017;8;12;2;4;;91;76;59
4;2017;8;12;2;4;;91;76;59
5;2017;8;12;2;4;;91;76;59
6;2017;8;12;2;1;;91;76;59
7;2017;8;12;2;1;;91;76;59
8;2017;8;12;2;1;;91;76;59
9;2017;8;12;2;1;;91;76;59
10;2017;8;12;2;1;;91;76;59
11;2017;8;12;2;1;;91;76;59
12;2017;8;12;2;2;;91;76;59
13;2017;8;12;2;2;;91;76;59
14;2017;8;12;2;2;;91;76;59
15;2017;8;12;2;2;;91;76;59
16;2017;8;12;2;2;;91;76;59
17;2017;8;12;2;2;;91;76;59
18;2017;8;12;2;3;;91;76;59
19;2017;8;12;2;3;;91;76;59
20;2017;8;12;2;3;;91;76;59
21;2017;8;12;2;3;;91;76;59
22;2017;8;12;2;3;;91;76;59
23;2017;8;12;2;3;;91;76;59
24;2017;8;12;2;4;;91;76;59
1;2017;8;13;2;4;;93;79;63
2;2017;8;13;2;4;;93;79;63
3;2017;8;13;2;4;;93;79;63
4;2017;8;13;2;4;;93;79;63
5;2017;8;13;2;4;;93;79;63
6;2017;8;13;2;1;;93;79;63
7;2017;8;13;2;1;;93;79;63
8;2017;8;13;2;1;;93;79;63
9;2017;8;13;2;1;;93;79;63
10;2017;8;13;2;1;;93;79;63
11;2017;8;13;2;1;;93;79;63
12;2017;8;13;2;2;;93;79;63
13;2017;8;13;2;2;;93;79;63
14;2017;8;13;2;2;;93;79;63
15;2017;8;13;2;2;;93;79;63
16;2017;8;13;2;2;;93;79;63
17;2017;8;13;2;2;;93;79;63
18;2017;8;13;2;3;;93;79;63
19;2017;8;13;2;3;;93;79;63
20;2017;8;13;2;3;;93;79;63
21;2017;8;13;2;3;;93;79;63
22;2017;8;13;2;3;;93;79;63
23;2017;8;13;2;3;;93;79;63
24;2017;8;13;2;4;;93;79;63
1;2017;8;14;2;4;;97;82;64
2;2017;8;14;2;4;;97;82;64
3;2017;8;14;2;4;;97;82;64
4;2017;8;14;2;4;;97;82;64
5;2017;8;14;2;4;;97;82;64
6;2017;8;14;2;1;;97;82;64
7;2017;8;14;2;1;;97;82;64
8;2017;8;14;2;1;;97;82;64
9;2017;8;14;2;1;;97;82;64
10;2017;8;14;2;1;;97;82;64
11;2017;8;14;2;1;;97;82;64
12;2017;8;14;2;2;;97;82;64
13;2017;8;14;2;2;;97;82;64
14;2017;8;14;2;2;;97;82;64
15;2017;8;14;2;2;;97;82;64
16;2017;8;14;2;2;;97;82;64
17;2017;8;14;2;2;;97;82;64
18;2017;8;14;2;3;;97;82;64
19;2017;8;14;2;3;;97;82;64
20;2017;8;14;2;3;;97;82;64
21;2017;8;14;2;3;;97;82;64
22;2017;8;14;2;3;;97;82;64
23;2017;8;14;2;3;;97;82;64
24;2017;8;14;2;4;;97;82;64
1;2017;8;15;2;4;;95;84;70
2;2017;8;15;2;4;;95;84;70
3;2017;8;15;2;4;;95;84;70
4;2017;8;15;2;4;;95;84;70
5;2017;8;15;2;4;;95;84;70
6;2017;8;15;2;1;;95;84;70
7;2017;8;15;2;1;;95;84;70
8;2017;8;15;2;1;;95;84;70
9;2017;8;15;2;1;;95;84;70
10;2017;8;15;2;1;;95;84;70
11;2017;8;15;2;1;;95;84;70
12;2017;8;15;2;2;;95;84;70
13;2017;8;15;2;2;;95;84;70
14;2017;8;15;2;2;;95;84;70
15;2017;8;15;2;2;;95;84;70
16;2017;8;15;2;2;;95;84;70
17;2017;8;15;2;2;;95;84;70
18;2017;8;15;2;3;;95;84;70
19;2017;8;15;2;3;;95;84;70
20;2017;8;15;2;3;;95;84;70
21;2017;8;15;2;3;;95;84;70
22;2017;8;15;2;3;;95;84;70
23;2017;8;15;2;3;;95;84;70
24;2017;8;15;2;4;;95;84;70
1;2017;8;16;2;4;;95;82;64
2;2017;8;16;2;4;;95;82;64
3;2017;8;16;2;4;;95;82;64
4;2017;8;16;2;4;;95;82;64
5;2017;8;16;2;4;;95;82;64
6;2017;8;16;2;1;;95;82;64
7;2017;8;16;2;1;;95;82;64
8;2017;8;16;2;1;;95;82;64
9;2017;8;16;2;1;;95;82;64
10;2017;8;16;2;1;;95;82;64
11;2017;8;16;2;1;;95;82;64
12;2017;8;16;2;2;;95;82;64
13;2017;8;16;2;2;;95;82;64
14;2017;8;16;2;2;;95;82;64
15;2017;8;16;2;2;;95;82;64
16;2017;8;16;2;2;;95;82;64
17;2017;8;16;2;2;;95;82;64
18;2017;8;16;2;3;;95;82;64
19;2017;8;16;2;3;;95;82;64
20;2017;8;16;2;3;;95;82;64
21;2017;8;16;2;3;;95;82;64
22;2017;8;16;2;3;;95;82;64
23;2017;8;16;2;3;;95;82;64
24;2017;8;16;2;4;;95;82;64
1;2017;8;17;2;4;;99;85;72
2;2017;8;17;2;4;;99;85;72
3;2017;8;17;2;4;;99;85;72
4;2017;8;17;2;4;;99;85;72
5;2017;8;17;2;4;;99;85;72
6;2017;8;17;2;1;;99;85;72
7;2017;8;17;2;1;;99;85;72
8;2017;8;17;2;1;;99;85;72
9;2017;8;17;2;1;;99;85;72
10;2017;8;17;2;1;;99;85;72
11;2017;8;17;2;1;;99;85;72
12;2017;8;17;2;2;;99;85;72
13;2017;8;17;2;2;;99;85;72
14;2017;8;17;2;2;;99;85;72
15;2017;8;17;2;2;;99;85;72
16;2017;8;17;2;2;;99;85;72
17;2017;8;17;2;2;;99;85;72
18;2017;8;17;2;3;;99;85;72
19;2017;8;17;2;3;;99;85;72
20;2017;8;17;2;3;;99;85;72
21;2017;8;17;2;3;;99;85;72
22;2017;8;17;2;3;;99;85;72
23;2017;8;17;2;3;;99;85;72
24;2017;8;17;2;4;;99;85;72
1;2017;8;18;2;4;;99;85;70
2;2017;8;18;2;4;;99;85;70
3;2017;8;18;2;4;;99;85;70
4;2017;8;18;2;4;;99;85;70
5;2017;8;18;2;4;;99;85;70
6;2017;8;18;2;1;;99;85;70
7;2017;8;18;2;1;;99;85;70
8;2017;8;18;2;1;;99;85;70
9;2017;8;18;2;1;;99;85;70
10;2017;8;18;2;1;;99;85;70
11;2017;8;18;2;1;;99;85;70
12;2017;8;18;2;2;;99;85;70
13;2017;8;18;2;2;;99;85;70
14;2017;8;18;2;2;;99;85;70
15;2017;8;18;2;2;;99;85;70
16;2017;8;18;2;2;;99;85;70
17;2017;8;18;2;2;;99;85;70
18;2017;8;18;2;3;;99;85;70
19;2017;8;18;2;3;;99;85;70
20;2017;8;18;2;3;;99;85;70
21;2017;8;18;2;3;;99;85;70
22;2017;8;18;2;3;;99;85;70
23;2017;8;18;2;3;;99;85;70
24;2017;8;18;2;4;;99;85;70
1;2017;8;19;2;4;;97;83;70
2;2017;8;19;2;4;;97;83;70
3;2017;8;19;2;4;;97;83;70
4;2017;8;19;2;4;;97;83;70
5;2017;8;19;2;4;;97;83;70
6;2017;8;19;2;1;;97;83;70
7;2017;8;19;2;1;;97;83;70
8;2017;8;19;2;1;;97;83;70
9;2017;8;19;2;1;;97;83;70
10;2017;8;19;2;1;;97;83;70
11;2017;8;19;2;1;;97;83;70
12;2017;8;19;2;2;;97;83;70
13;2017;8;19;2;2;;97;83;70
14;2017;8;19;2;2;;97;83;70
15;2017;8;19;2;2;;97;83;70
16;2017;8;19;2;2;;97;83;70
17;2017;8;19;2;2;;97;83;70
18;2017;8;19;2;3;;97;83;70
19;2017;8;19;2;3;;97;83;70
20;2017;8;19;2;3;;97;83;70
21;2017;8;19;2;3;;97;83;70
22;2017;8;19;2;3;;97;83;70
23;2017;8;19;2;3;;97;83;70
24;2017;8;19;2;4;;97;83;70
1;2017;8;20;2;4;;99;84;70
2;2017;8;20;2;4;;99;84;70
3;2017;8;20;2;4;;99;84;70
4;2017;8;20;2;4;;99;84;70
5;2017;8;20;2;4;;99;84;70
6;2017;8;20;2;1;;99;84;70
7;2017;8;20;2;1;;99;84;70
8;2017;8;20;2;1;;99;84;70
9;2017;8;20;2;1;;99;84;70
10;2017;8;20;2;1;;99;84;70
11;2017;8;20;2;1;;99;84;70
12;2017;8;20;2;2;;99;84;70
13;2017;8;20;2;2;;99;84;70
14;2017;8;20;2;2;;99;84;70
15;2017;8;20;2;2;;99;84;70
16;2017;8;20;2;2;;99;84;70
17;2017;8;20;2;2;;99;84;70
18;2017;8;20;2;3;;99;84;70
19;2017;8;20;2;3;;99;84;70
20;2017;8;20;2;3;;99;84;70
21;2017;8;20;2;3;;99;84;70
22;2017;8;20;2;3;;99;84;70
23;2017;8;20;2;3;;99;84;70
24;2017;8;20;2;4;;99;84;70
1;2017;8;21;2;4;;99;84;68
2;2017;8;21;2;4;;99;84;68
3;2017;8;21;2;4;;99;84;68
4;2017;8;21;2;4;;99;84;68
5;2017;8;21;2;4;;99;84;68
6;2017;8;21;2;1;;99;84;68
7;2017;8;21;2;1;;99;84;68
8;2017;8;21;2;1;;99;84;68
9;2017;8;21;2;1;;99;84;68
10;2017;8;21;2;1;;99;84;68
11;2017;8;21;2;1;;99;84;68
12;2017;8;21;2;2;;99;84;68
13;2017;8;21;2;2;;99;84;68
14;2017;8;21;2;2;;99;84;68
15;2017;8;21;2;2;;99;84;68
16;2017;8;21;2;2;;99;84;68
17;2017;8;21;2;2;;99;84;68
18;2017;8;21;2;3;;99;84;68
19;2017;8;21;2;3;;99;84;68
20;2017;8;21;2;3;;99;84;68
21;2017;8;21;2;3;;99;84;68
22;2017;8;21;2;3;;99;84;68
23;2017;8;21;2;3;;99;84;68
24;2017;8;21;2;4;;99;84;68
1;2017;8;22;2;4;;99;87;73
2;2017;8;22;2;4;;99;87;73
3;2017;8;22;2;4;;99;87;73
4;2017;8;22;2;4;;99;87;73
5;2017;8;22;2;4;;99;87;73
6;2017;8;22;2;1;;99;87;73
7;2017;8;22;2;1;;99;87;73
8;2017;8;22;2;1;;99;87;73
9;2017;8;22;2;1;;99;87;73
10;2017;8;22;2;1;;99;87;73
11;2017;8;22;2;1;;99;87;73
12;2017;8;22;2;2;;99;87;73
13;2017;8;22;2;2;;99;87;73
14;2017;8;22;2;2;;99;87;73
15;2017;8;22;2;2;;99;87;73
16;2017;8;22;2;2;;99;87;73
17;2017;8;22;2;2;;99;87;73
18;2017;8;22;2;3;;99;87;73
19;2017;8;22;2;3;;99;87;73
20;2017;8;22;2;3;;99;87;73
21;2017;8;22;2;3;;99;87;73
22;2017;8;22;2;3;;99;87;73
23;2017;8;22;2;3;;99;87;73
24;2017;8;22;2;4;;99;87;73
1;2017;8;23;2;4;;99;86;70
2;2017;8;23;2;4;;99;86;70
3;2017;8;23;2;4;;99;86;70
4;2017;8;23;2;4;;99;86;70
5;2017;8;23;2;4;;99;86;70
6;2017;8;23;2;1;;99;86;70
7;2017;8;23;2;1;;99;86;70
8;2017;8;23;2;1;;99;86;70
9;2017;8;23;2;1;;99;86;70
10;2017;8;23;2;1;;99;86;70
11;2017;8;23;2;1;;99;86;70
12;2017;8;23;2;2;;99;86;70
13;2017;8;23;2;2;;99;86;70
14;2017;8;23;2;2;;99;86;70
15;2017;8;23;2;2;;99;86;70
16;2017;8;23;2;2;;99;86;70
17;2017;8;23;2;2;;99;86;70
18;2017;8;23;2;3;;99;86;70
19;2017;8;23;2;3;;99;86;70
20;2017;8;23;2;3;;99;86;70
21;2017;8;23;2;3;;99;86;70
22;2017;8;23;2;3;;99;86;70
23;2017;8;23;2;3;;99;86;70
24;2017;8;23;2;4;;99;86;70
1;2017;8;24;2;4;;97;83;68
2;2017;8;24;2;4;;97;83;68
3;2017;8;24;2;4;;97;83;68
4;2017;8;24;2;4;;97;83;68
5;2017;8;24;2;4;;97;83;68
6;2017;8;24;2;1;;97;83;68
7;2017;8;24;2;1;;97;83;68
8;2017;8;24;2;1;;97;83;68
9;2017;8;24;2;1;;97;83;68
10;2017;8;24;2;1;;97;83;68
11;2017;8;24;2;1;;97;83;68
12;2017;8;24;2;2;;97;83;68
13;2017;8;24;2;2;;97;83;68
14;2017;8;24;2;2;;97;83;68
15;2017;8;24;2;2;;97;83;68
16;2017;8;24;2;2;;97;83;68
17;2017;8;24;2;2;;97;83;68
18;2017;8;24;2;3;;97;83;68
19;2017;8;24;2;3;;97;83;68
20;2017;8;24;2;3;;97;83;68
21;2017;8;24;2;3;;97;83;68
22;2017;8;24;2;3;;97;83;68
23;2017;8;24;2;3;;97;83;68
24;2017;8;24;2;4;;97;83;68
1;2017;8;25;2;4;;95;81;64
2;2017;8;25;2;4;;95;81;64
3;2017;8;25;2;4;;95;81;64
4;2017;8;25;2;4;;95;81;64
5;2017;8;25;2;4;;95;81;64
6;2017;8;25;2;1;;95;81;64
7;2017;8;25;2;1;;95;81;64
8;2017;8;25;2;1;;95;81;64
9;2017;8;25;2;1;;95;81;64
10;2017;8;25;2;1;;95;81;64
11;2017;8;25;2;1;;95;81;64
12;2017;8;25;2;2;;95;81;64
13;2017;8;25;2;2;;95;81;64
14;2017;8;25;2;2;;95;81;64
15;2017;8;25;2;2;;95;81;64
16;2017;8;25;2;2;;95;81;64
17;2017;8;25;2;2;;95;81;64
18;2017;8;25;2;3;;95;81;64
19;2017;8;25;2;3;;95;81;64
20;2017;8;25;2;3;;95;81;64
21;2017;8;25;2;3;;95;81;64
22;2017;8;25;2;3;;95;81;64
23;2017;8;25;2;3;;95;81;64
24;2017;8;25;2;4;;95;81;64
1;2017;8;26;2;4;;90;79;64
2;2017;8;26;2;4;;90;79;64
3;2017;8;26;2;4;;90;79;64
4;2017;8;26;2;4;;90;79;64
5;2017;8;26;2;4;;90;79;64
6;2017;8;26;2;1;;90;79;64
7;2017;8;26;2;1;;90;79;64
8;2017;8;26;2;1;;90;79;64
9;2017;8;26;2;1;;90;79;64
10;2017;8;26;2;1;;90;79;64
11;2017;8;26;2;1;;90;79;64
12;2017;8;26;2;2;;90;79;64
13;2017;8;26;2;2;;90;79;64
14;2017;8;26;2;2;;90;79;64
15;2017;8;26;2;2;;90;79;64
16;2017;8;26;2;2;;90;79;64
17;2017;8;26;2;2;;90;79;64
18;2017;8;26;2;3;;90;79;64
19;2017;8;26;2;3;;90;79;64
20;2017;8;26;2;3;;90;79;64
21;2017;8;26;2;3;;90;79;64
22;2017;8;26;2;3;;90;79;64
23;2017;8;26;2;3;;90;79;64
24;2017;8;26;2;4;;90;79;64
1;2017;8;27;2;4;;82;77;68
2;2017;8;27;2;4;;82;77;68
3;2017;8;27;2;4;;82;77;68
4;2017;8;27;2;4;;82;77;68
5;2017;8;27;2;4;;82;77;68
6;2017;8;27;2;1;;82;77;68
7;2017;8;27;2;1;;82;77;68
8;2017;8;27;2;1;;82;77;68
9;2017;8;27;2;1;;82;77;68
10;2017;8;27;2;1;;82;77;68
11;2017;8;27;2;1;;82;77;68
12;2017;8;27;2;2;;82;77;68
13;2017;8;27;2;2;;82;77;68
14;2017;8;27;2;2;;82;77;68
15;2017;8;27;2;2;;82;77;68
16;2017;8;27;2;2;;82;77;68
17;2017;8;27;2;2;;82;77;68
18;2017;8;27;2;3;;82;77;68
19;2017;8;27;2;3;;82;77;68
20;2017;8;27;2;3;;82;77;68
21;2017;8;27;2;3;;82;77;68
22;2017;8;27;2;3;;82;77;68
23;2017;8;27;2;3;;82;77;68
24;2017;8;27;2;4;;82;77;68
1;2017;8;28;2;4;;73;69;63
2;2017;8;28;2;4;;73;69;63
3;2017;8;28;2;4;;73;69;63
4;2017;8;28;2;4;;73;69;63
5;2017;8;28;2;4;;73;69;63
6;2017;8;28;2;1;;73;69;63
7;2017;8;28;2;1;;73;69;63
8;2017;8;28;2;1;;73;69;63
9;2017;8;28;2;1;;73;69;63
10;2017;8;28;2;1;;73;69;63
11;2017;8;28;2;1;;73;69;63
12;2017;8;28;2;2;;73;69;63
13;2017;8;28;2;2;;73;69;63
14;2017;8;28;2;2;;73;69;63
15;2017;8;28;2;2;;73;69;63
16;2017;8;28;2;2;;73;69;63
17;2017;8;28;2;2;;73;69;63
18;2017;8;28;2;3;;73;69;63
19;2017;8;28;2;3;;73;69;63
20;2017;8;28;2;3;;73;69;63
21;2017;8;28;2;3;;73;69;63
22;2017;8;28;2;3;;73;69;63
23;2017;8;28;2;3;;73;69;63
24;2017;8;28;2;4;;73;69;63
1;2017;8;29;2;4;;77;71;68
2;2017;8;29;2;4;;77;71;68
3;2017;8;29;2;4;;77;71;68
4;2017;8;29;2;4;;77;71;68
5;2017;8;29;2;4;;77;71;68
6;2017;8;29;2;1;;77;71;68
7;2017;8;29;2;1;;77;71;68
8;2017;8;29;2;1;;77;71;68
9;2017;8;29;2;1;;77;71;68
10;2017;8;29;2;1;;77;71;68
11;2017;8;29;2;1;;77;71;68
12;2017;8;29;2;2;;77;71;68
13;2017;8;29;2;2;;77;71;68
14;2017;8;29;2;2;;77;71;68
15;2017;8;29;2;2;;77;71;68
16;2017;8;29;2;2;;77;71;68
17;2017;8;29;2;2;;77;71;68
18;2017;8;29;2;3;;77;71;68
19;2017;8;29;2;3;;77;71;68
20;2017;8;29;2;3;;77;71;68
21;2017;8;29;2;3;;77;71;68
22;2017;8;29;2;3;;77;71;68
23;2017;8;29;2;3;;77;71;68
24;2017;8;29;2;4;;77;71;68
1;2017;8;30;2;4;;81;71;63
2;2017;8;30;2;4;;81;71;63
3;2017;8;30;2;4;;81;71;63
4;2017;8;30;2;4;;81;71;63
5;2017;8;30;2;4;;81;71;63
6;2017;8;30;2;1;;81;71;63
7;2017;8;30;2;1;;81;71;63
8;2017;8;30;2;1;;81;71;63
9;2017;8;30;2;1;;81;71;63
10;2017;8;30;2;1;;81;71;63
11;2017;8;30;2;1;;81;71;63
12;2017;8;30;2;2;;81;71;63
13;2017;8;30;2;2;;81;71;63
14;2017;8;30;2;2;;81;71;63
15;2017;8;30;2;2;;81;71;63
16;2017;8;30;2;2;;81;71;63
17;2017;8;30;2;2;;81;71;63
18;2017;8;30;2;3;;81;71;63
19;2017;8;30;2;3;;81;71;63
20;2017;8;30;2;3;;81;71;63
21;2017;8;30;2;3;;81;71;63
22;2017;8;30;2;3;;81;71;63
23;2017;8;30;2;3;;81;71;63
24;2017;8;30;2;4;;81;71;63
1;2017;8;31;2;4;;84;74;64
2;2017;8;31;2;4;;84;74;64
3;2017;8;31;2;4;;84;74;64
4;2017;8;31;2;4;;84;74;64
5;2017;8;31;2;4;;84;74;64
6;2017;8;31;2;1;;84;74;64
7;2017;8;31;2;1;;84;74;64
8;2017;8;31;2;1;;84;74;64
9;2017;8;31;2;1;;84;74;64
10;2017;8;31;2;1;;84;74;64
11;2017;8;31;2;1;;84;74;64
12;2017;8;31;2;2;;84;74;64
13;2017;8;31;2;2;;84;74;64
14;2017;8;31;2;2;;84;74;64
15;2017;8;31;2;2;;84;74;64
16;2017;8;31;2;2;;84;74;64
17;2017;8;31;2;2;;84;74;64
18;2017;8;31;2;3;;84;74;64
19;2017;8;31;2;3;;84;74;64
20;2017;8;31;2;3;;84;74;64
21;2017;8;31;2;3;;84;74;64
22;2017;8;31;2;3;;84;74;64
23;2017;8;31;2;3;;84;74;64
24;2017;8;31;2;4;;84;74;64
1;2017;9;1;3;4;;82;72;63
2;2017;9;1;3;4;;82;72;63
3;2017;9;1;3;4;;82;72;63
4;2017;9;1;3;4;;82;72;63
5;2017;9;1;3;4;;82;72;63
6;2017;9;1;3;1;;82;72;63
7;2017;9;1;3;1;;82;72;63
8;2017;9;1;3;1;;82;72;63
9;2017;9;1;3;1;;82;72;63
10;2017;9;1;3;1;;82;72;63
11;2017;9;1;3;1;;82;72;63
12;2017;9;1;3;2;;82;72;63
13;2017;9;1;3;2;;82;72;63
14;2017;9;1;3;2;;82;72;63
15;2017;9;1;3;2;;82;72;63
16;2017;9;1;3;2;;82;72;63
17;2017;9;1;3;2;;82;72;63
18;2017;9;1;3;3;;82;72;63
19;2017;9;1;3;3;;82;72;63
20;2017;9;1;3;3;;82;72;63
21;2017;9;1;3;3;;82;72;63
22;2017;9;1;3;3;;82;72;63
23;2017;9;1;3;3;;82;72;63
24;2017;9;1;3;4;;82;72;63
1;2017;9;2;3;4;;82;69;55
2;2017;9;2;3;4;;82;69;55
3;2017;9;2;3;4;;82;69;55
4;2017;9;2;3;4;;82;69;55
5;2017;9;2;3;4;;82;69;55
6;2017;9;2;3;1;;82;69;55
7;2017;9;2;3;1;;82;69;55
8;2017;9;2;3;1;;82;69;55
9;2017;9;2;3;1;;82;69;55
10;2017;9;2;3;1;;82;69;55
11;2017;9;2;3;1;;82;69;55
12;2017;9;2;3;2;;82;69;55
13;2017;9;2;3;2;;82;69;55
14;2017;9;2;3;2;;82;69;55
15;2017;9;2;3;2;;82;69;55
16;2017;9;2;3;2;;82;69;55
17;2017;9;2;3;2;;82;69;55
18;2017;9;2;3;3;;82;69;55
19;2017;9;2;3;3;;82;69;55
20;2017;9;2;3;3;;82;69;55
21;2017;9;2;3;3;;82;69;55
22;2017;9;2;3;3;;82;69;55
23;2017;9;2;3;3;;82;69;55
24;2017;9;2;3;4;;82;69;55
1;2017;9;3;3;4;;90;74;59
2;2017;9;3;3;4;;90;74;59
3;2017;9;3;3;4;;90;74;59
4;2017;9;3;3;4;;90;74;59
5;2017;9;3;3;4;;90;74;59
6;2017;9;3;3;1;;90;74;59
7;2017;9;3;3;1;;90;74;59
8;2017;9;3;3;1;;90;74;59
9;2017;9;3;3;1;;90;74;59
10;2017;9;3;3;1;;90;74;59
11;2017;9;3;3;1;;90;74;59
12;2017;9;3;3;2;;90;74;59
13;2017;9;3;3;2;;90;74;59
14;2017;9;3;3;2;;90;74;59
15;2017;9;3;3;2;;90;74;59
16;2017;9;3;3;2;;90;74;59
17;2017;9;3;3;2;;90;74;59
18;2017;9;3;3;3;;90;74;59
19;2017;9;3;3;3;;90;74;59
20;2017;9;3;3;3;;90;74;59
21;2017;9;3;3;3;;90;74;59
22;2017;9;3;3;3;;90;74;59
23;2017;9;3;3;3;;90;74;59
24;2017;9;3;3;4;;90;74;59
1;2017;9;4;3;4;;86;76;63
2;2017;9;4;3;4;;86;76;63
3;2017;9;4;3;4;;86;76;63
4;2017;9;4;3;4;;86;76;63
5;2017;9;4;3;4;;86;76;63
6;2017;9;4;3;1;;86;76;63
7;2017;9;4;3;1;;86;76;63
8;2017;9;4;3;1;;86;76;63
9;2017;9;4;3;1;;86;76;63
10;2017;9;4;3;1;;86;76;63
11;2017;9;4;3;1;;86;76;63
12;2017;9;4;3;2;;86;76;63
13;2017;9;4;3;2;;86;76;63
14;2017;9;4;3;2;;86;76;63
15;2017;9;4;3;2;;86;76;63
16;2017;9;4;3;2;;86;76;63
17;2017;9;4;3;2;;86;76;63
18;2017;9;4;3;3;;86;76;63
19;2017;9;4;3;3;;86;76;63
20;2017;9;4;3;3;;86;76;63
21;2017;9;4;3;3;;86;76;63
22;2017;9;4;3;3;;86;76;63
23;2017;9;4;3;3;;86;76;63
24;2017;9;4;3;4;;86;76;63
1;2017;9;5;3;4;;90;77;63
2;2017;9;5;3;4;;90;77;63
3;2017;9;5;3;4;;90;77;63
4;2017;9;5;3;4;;90;77;63
5;2017;9;5;3;4;;90;77;63
6;2017;9;5;3;1;;90;77;63
7;2017;9;5;3;1;;90;77;63
8;2017;9;5;3;1;;90;77;63
9;2017;9;5;3;1;;90;77;63
10;2017;9;5;3;1;;90;77;63
11;2017;9;5;3;1;;90;77;63
12;2017;9;5;3;2;;90;77;63
13;2017;9;5;3;2;;90;77;63
14;2017;9;5;3;2;;90;77;63
15;2017;9;5;3;2;;90;77;63
16;2017;9;5;3;2;;90;77;63
17;2017;9;5;3;2;;90;77;63
18;2017;9;5;3;3;;90;77;63
19;2017;9;5;3;3;;90;77;63
20;2017;9;5;3;3;;90;77;63
21;2017;9;5;3;3;;90;77;63
22;2017;9;5;3;3;;90;77;63
23;2017;9;5;3;3;;90;77;63
24;2017;9;5;3;4;;90;77;63
1;2017;9;6;3;4;;93;79;64
2;2017;9;6;3;4;;93;79;64
3;2017;9;6;3;4;;93;79;64
4;2017;9;6;3;4;;93;79;64
5;2017;9;6;3;4;;93;79;64
6;2017;9;6;3;1;;93;79;64
7;2017;9;6;3;1;;93;79;64
8;2017;9;6;3;1;;93;79;64
9;2017;9;6;3;1;;93;79;64
10;2017;9;6;3;1;;93;79;64
11;2017;9;6;3;1;;93;79;64
12;2017;9;6;3;2;;93;79;64
13;2017;9;6;3;2;;93;79;64
14;2017;9;6;3;2;;93;79;64
15;2017;9;6;3;2;;93;79;64
16;2017;9;6;3;2;;93;79;64
17;2017;9;6;3;2;;93;79;64
18;2017;9;6;3;3;;93;79;64
19;2017;9;6;3;3;;93;79;64
20;2017;9;6;3;3;;93;79;64
21;2017;9;6;3;3;;93;79;64
22;2017;9;6;3;3;;93;79;64
23;2017;9;6;3;3;;93;79;64
24;2017;9;6;3;4;;93;79;64
1;2017;9;7;3;4;;88;76;64
2;2017;9;7;3;4;;88;76;64
3;2017;9;7;3;4;;88;76;64
4;2017;9;7;3;4;;88;76;64
5;2017;9;7;3;4;;88;76;64
6;2017;9;7;3;1;;88;76;64
7;2017;9;7;3;1;;88;76;64
8;2017;9;7;3;1;;88;76;64
9;2017;9;7;3;1;;88;76;64
10;2017;9;7;3;1;;88;76;64
11;2017;9;7;3;1;;88;76;64
12;2017;9;7;3;2;;88;76;64
13;2017;9;7;3;2;;88;76;64
14;2017;9;7;3;2;;88;76;64
15;2017;9;7;3;2;;88;76;64
16;2017;9;7;3;2;;88;76;64
17;2017;9;7;3;2;;88;76;64
18;2017;9;7;3;3;;88;76;64
19;2017;9;7;3;3;;88;76;64
20;2017;9;7;3;3;;88;76;64
21;2017;9;7;3;3;;88;76;64
22;2017;9;7;3;3;;88;76;64
23;2017;9;7;3;3;;88;76;64
24;2017;9;7;3;4;;88;76;64
1;2017;9;8;3;4;;90;74;55
2;2017;9;8;3;4;;90;74;55
3;2017;9;8;3;4;;90;74;55
4;2017;9;8;3;4;;90;74;55
5;2017;9;8;3;4;;90;74;55
6;2017;9;8;3;1;;90;74;55
7;2017;9;8;3;1;;90;74;55
8;2017;9;8;3;1;;90;74;55
9;2017;9;8;3;1;;90;74;55
10;2017;9;8;3;1;;90;74;55
11;2017;9;8;3;1;;90;74;55
12;2017;9;8;3;2;;90;74;55
13;2017;9;8;3;2;;90;74;55
14;2017;9;8;3;2;;90;74;55
15;2017;9;8;3;2;;90;74;55
16;2017;9;8;3;2;;90;74;55
17;2017;9;8;3;2;;90;74;55
18;2017;9;8;3;3;;90;74;55
19;2017;9;8;3;3;;90;74;55
20;2017;9;8;3;3;;90;74;55
21;2017;9;8;3;3;;90;74;55
22;2017;9;8;3;3;;90;74;55
23;2017;9;8;3;3;;90;74;55
24;2017;9;8;3;4;;90;74;55
1;2017;9;9;3;4;;77;70;63
2;2017;9;9;3;4;;77;70;63
3;2017;9;9;3;4;;77;70;63
4;2017;9;9;3;4;;77;70;63
5;2017;9;9;3;4;;77;70;63
6;2017;9;9;3;1;;77;70;63
7;2017;9;9;3;1;;77;70;63
8;2017;9;9;3;1;;77;70;63
9;2017;9;9;3;1;;77;70;63
10;2017;9;9;3;1;;77;70;63
11;2017;9;9;3;1;;77;70;63
12;2017;9;9;3;2;;77;70;63
13;2017;9;9;3;2;;77;70;63
14;2017;9;9;3;2;;77;70;63
15;2017;9;9;3;2;;77;70;63
16;2017;9;9;3;2;;77;70;63
17;2017;9;9;3;2;;77;70;63
18;2017;9;9;3;3;;77;70;63
19;2017;9;9;3;3;;77;70;63
20;2017;9;9;3;3;;77;70;63
21;2017;9;9;3;3;;77;70;63
22;2017;9;9;3;3;;77;70;63
23;2017;9;9;3;3;;77;70;63
24;2017;9;9;3;4;;77;70;63
1;2017;9;10;3;4;;77;65;54
2;2017;9;10;3;4;;77;65;54
3;2017;9;10;3;4;;77;65;54
4;2017;9;10;3;4;;77;65;54
5;2017;9;10;3;4;;77;65;54
6;2017;9;10;3;1;;77;65;54
7;2017;9;10;3;1;;77;65;54
8;2017;9;10;3;1;;77;65;54
9;2017;9;10;3;1;;77;65;54
10;2017;9;10;3;1;;77;65;54
11;2017;9;10;3;1;;77;65;54
12;2017;9;10;3;2;;77;65;54
13;2017;9;10;3;2;;77;65;54
14;2017;9;10;3;2;;77;65;54
15;2017;9;10;3;2;;77;65;54
16;2017;9;10;3;2;;77;65;54
17;2017;9;10;3;2;;77;65;54
18;2017;9;10;3;3;;77;65;54
19;2017;9;10;3;3;;77;65;54
20;2017;9;10;3;3;;77;65;54
21;2017;9;10;3;3;;77;65;54
22;2017;9;10;3;3;;77;65;54
23;2017;9;10;3;3;;77;65;54
24;2017;9;10;3;4;;77;65;54
1;2017;9;11;3;4;;88;72;54
2;2017;9;11;3;4;;88;72;54
3;2017;9;11;3;4;;88;72;54
4;2017;9;11;3;4;;88;72;54
5;2017;9;11;3;4;;88;72;54
6;2017;9;11;3;1;;88;72;54
7;2017;9;11;3;1;;88;72;54
8;2017;9;11;3;1;;88;72;54
9;2017;9;11;3;1;;88;72;54
10;2017;9;11;3;1;;88;72;54
11;2017;9;11;3;1;;88;72;54
12;2017;9;11;3;2;;88;72;54
13;2017;9;11;3;2;;88;72;54
14;2017;9;11;3;2;;88;72;54
15;2017;9;11;3;2;;88;72;54
16;2017;9;11;3;2;;88;72;54
17;2017;9;11;3;2;;88;72;54
18;2017;9;11;3;3;;88;72;54
19;2017;9;11;3;3;;88;72;54
20;2017;9;11;3;3;;88;72;54
21;2017;9;11;3;3;;88;72;54
22;2017;9;11;3;3;;88;72;54
23;2017;9;11;3;3;;88;72;54
24;2017;9;11;3;4;;88;72;54
1;2017;9;12;3;4;;82;73;63
2;2017;9;12;3;4;;82;73;63
3;2017;9;12;3;4;;82;73;63
4;2017;9;12;3;4;;82;73;63
5;2017;9;12;3;4;;82;73;63
6;2017;9;12;3;1;;82;73;63
7;2017;9;12;3;1;;82;73;63
8;2017;9;12;3;1;;82;73;63
9;2017;9;12;3;1;;82;73;63
10;2017;9;12;3;1;;82;73;63
11;2017;9;12;3;1;;82;73;63
12;2017;9;12;3;2;;82;73;63
13;2017;9;12;3;2;;82;73;63
14;2017;9;12;3;2;;82;73;63
15;2017;9;12;3;2;;82;73;63
16;2017;9;12;3;2;;82;73;63
17;2017;9;12;3;2;;82;73;63
18;2017;9;12;3;3;;82;73;63
19;2017;9;12;3;3;;82;73;63
20;2017;9;12;3;3;;82;73;63
21;2017;9;12;3;3;;82;73;63
22;2017;9;12;3;3;;82;73;63
23;2017;9;12;3;3;;82;73;63
24;2017;9;12;3;4;;82;73;63
1;2017;9;13;3;4;;88;73;55
2;2017;9;13;3;4;;88;73;55
3;2017;9;13;3;4;;88;73;55
4;2017;9;13;3;4;;88;73;55
5;2017;9;13;3;4;;88;73;55
6;2017;9;13;3;1;;88;73;55
7;2017;9;13;3;1;;88;73;55
8;2017;9;13;3;1;;88;73;55
9;2017;9;13;3;1;;88;73;55
10;2017;9;13;3;1;;88;73;55
11;2017;9;13;3;1;;88;73;55
12;2017;9;13;3;2;;88;73;55
13;2017;9;13;3;2;;88;73;55
14;2017;9;13;3;2;;88;73;55
15;2017;9;13;3;2;;88;73;55
16;2017;9;13;3;2;;88;73;55
17;2017;9;13;3;2;;88;73;55
18;2017;9;13;3;3;;88;73;55
19;2017;9;13;3;3;;88;73;55
20;2017;9;13;3;3;;88;73;55
21;2017;9;13;3;3;;88;73;55
22;2017;9;13;3;3;;88;73;55
23;2017;9;13;3;3;;88;73;55
24;2017;9;13;3;4;;88;73;55
1;2017;9;14;3;4;;88;73;55
2;2017;9;14;3;4;;88;73;55
3;2017;9;14;3;4;;88;73;55
4;2017;9;14;3;4;;88;73;55
5;2017;9;14;3;4;;88;73;55
6;2017;9;14;3;1;;88;73;55
7;2017;9;14;3;1;;88;73;55
8;2017;9;14;3;1;;88;73;55
9;2017;9;14;3;1;;88;73;55
10;2017;9;14;3;1;;88;73;55
11;2017;9;14;3;1;;88;73;55
12;2017;9;14;3;2;;88;73;55
13;2017;9;14;3;2;;88;73;55
14;2017;9;14;3;2;;88;73;55
15;2017;9;14;3;2;;88;73;55
16;2017;9;14;3;2;;88;73;55
17;2017;9;14;3;2;;88;73;55
18;2017;9;14;3;3;;88;73;55
19;2017;9;14;3;3;;88;73;55
20;2017;9;14;3;3;;88;73;55
21;2017;9;14;3;3;;88;73;55
22;2017;9;14;3;3;;88;73;55
23;2017;9;14;3;3;;88;73;55
24;2017;9;14;3;4;;88;73;55
1;2017;9;15;3;4;;86;73;57
2;2017;9;15;3;4;;86;73;57
3;2017;9;15;3;4;;86;73;57
4;2017;9;15;3;4;;86;73;57
5;2017;9;15;3;4;;86;73;57
6;2017;9;15;3;1;;86;73;57
7;2017;9;15;3;1;;86;73;57
8;2017;9;15;3;1;;86;73;57
9;2017;9;15;3;1;;86;73;57
10;2017;9;15;3;1;;86;73;57
11;2017;9;15;3;1;;86;73;57
12;2017;9;15;3;2;;86;73;57
13;2017;9;15;3;2;;86;73;57
14;2017;9;15;3;2;;86;73;57
15;2017;9;15;3;2;;86;73;57
16;2017;9;15;3;2;;86;73;57
17;2017;9;15;3;2;;86;73;57
18;2017;9;15;3;3;;86;73;57
19;2017;9;15;3;3;;86;73;57
20;2017;9;15;3;3;;86;73;57
21;2017;9;15;3;3;;86;73;57
22;2017;9;15;3;3;;86;73;57
23;2017;9;15;3;3;;86;73;57
24;2017;9;15;3;4;;86;73;57
1;2017;9;16;3;4;;72;64;57
2;2017;9;16;3;4;;72;60;50
3;2017;9;16;3;4;;72;60;50
4;2017;9;16;3;4;;72;60;50
5;2017;9;16;3;4;;72;60;50
6;2017;9;16;3;1;;72;60;50
7;2017;9;16;3;1;;72;60;50
8;2017;9;16;3;1;;72;60;50
9;2017;9;16;3;1;;72;60;50
10;2017;9;16;3;1;;72;60;50
11;2017;9;16;3;1;;72;60;50
12;2017;9;16;3;2;;72;60;50
13;2017;9;16;3;2;;72;60;50
14;2017;9;16;3;2;;72;60;50
15;2017;9;16;3;2;;72;60;50
16;2017;9;16;3;2;;72;60;50
17;2017;9;16;3;2;;72;60;50
18;2017;9;16;3;3;;72;60;50
19;2017;9;16;3;3;;72;60;50
20;2017;9;16;3;3;;72;60;50
21;2017;9;16;3;3;;72;60;50
22;2017;9;16;3;3;;72;60;50
23;2017;9;16;3;3;;72;60;50
24;2017;9;16;3;4;;72;60;50
1;2017;9;17;3;4;;77;61;45
2;2017;9;17;3;4;;77;61;45
3;2017;9;17;3;4;;77;61;45
4;2017;9;17;3;4;;77;61;45
5;2017;9;17;3;4;;77;61;45
6;2017;9;17;3;1;;77;61;45
7;2017;9;17;3;1;;77;61;45
8;2017;9;17;3;1;;77;61;45
9;2017;9;17;3;1;;77;61;45
10;2017;9;17;3;1;;77;61;45
11;2017;9;17;3;1;;77;61;45
12;2017;9;17;3;2;;77;61;45
13;2017;9;17;3;2;;77;61;45
14;2017;9;17;3;2;;77;61;45
15;2017;9;17;3;2;;77;61;45
16;2017;9;17;3;2;;77;61;45
17;2017;9;17;3;2;;77;61;45
18;2017;9;17;3;3;;77;61;45
19;2017;9;17;3;3;;77;61;45
20;2017;9;17;3;3;;77;61;45
21;2017;9;17;3;3;;77;61;45
22;2017;9;17;3;3;;77;61;45
23;2017;9;17;3;3;;77;61;45
24;2017;9;17;3;4;;77;61;45
1;2017;9;18;3;4;;75;63;48
2;2017;9;18;3;4;;75;63;48
3;2017;9;18;3;4;;75;63;48
4;2017;9;18;3;4;;75;63;48
5;2017;9;18;3;4;;75;63;48
6;2017;9;18;3;1;;75;63;48
7;2017;9;18;3;1;;75;63;48
8;2017;9;18;3;1;;75;63;48
9;2017;9;18;3;1;;75;63;48
10;2017;9;18;3;1;;75;63;48
11;2017;9;18;3;1;;75;63;48
12;2017;9;18;3;2;;75;63;48
13;2017;9;18;3;2;;75;63;48
14;2017;9;18;3;2;;75;63;48
15;2017;9;18;3;2;;75;63;48
16;2017;9;18;3;2;;75;63;48
17;2017;9;18;3;2;;75;63;48
18;2017;9;18;3;3;;75;63;48
19;2017;9;18;3;3;;75;63;48
20;2017;9;18;3;3;;75;63;48
21;2017;9;18;3;3;;75;63;48
22;2017;9;18;3;3;;75;63;48
23;2017;9;18;3;3;;75;63;48
24;2017;9;18;3;4;;75;63;48
1;2017;9;19;3;4;;79;64;48
2;2017;9;19;3;4;;79;64;48
3;2017;9;19;3;4;;79;64;48
4;2017;9;19;3;4;;79;64;48
5;2017;9;19;3;4;;79;64;48
6;2017;9;19;3;1;;79;64;48
7;2017;9;19;3;1;;79;64;48
8;2017;9;19;3;1;;79;64;48
9;2017;9;19;3;1;;79;64;48
10;2017;9;19;3;1;;79;64;48
11;2017;9;19;3;1;;79;64;48
12;2017;9;19;3;2;;79;64;48
13;2017;9;19;3;2;;79;64;48
14;2017;9;19;3;2;;79;64;48
15;2017;9;19;3;2;;79;64;48
16;2017;9;19;3;2;;79;64;48
17;2017;9;19;3;2;;79;64;48
18;2017;9;19;3;3;;79;64;48
19;2017;9;19;3;3;;79;64;48
20;2017;9;19;3;3;;79;64;48
21;2017;9;19;3;3;;79;64;48
22;2017;9;19;3;3;;79;64;48
23;2017;9;19;3;3;;79;64;48
24;2017;9;19;3;4;;79;64;48
1;2017;9;20;3;4;;82;67;48
2;2017;9;20;3;4;;82;67;48
3;2017;9;20;3;4;;82;67;48
4;2017;9;20;3;4;;82;67;48
5;2017;9;20;3;4;;82;67;48
6;2017;9;20;3;1;;82;67;48
7;2017;9;20;3;1;;82;67;48
8;2017;9;20;3;1;;82;67;48
9;2017;9;20;3;1;;82;67;48
10;2017;9;20;3;1;;82;67;48
11;2017;9;20;3;1;;82;67;48
12;2017;9;20;3;2;;82;67;48
13;2017;9;20;3;2;;82;67;48
14;2017;9;20;3;2;;82;67;48
15;2017;9;20;3;2;;82;67;48
16;2017;9;20;3;2;;82;67;48
17;2017;9;20;3;2;;82;67;48
18;2017;9;20;3;3;;82;67;48
19;2017;9;20;3;3;;82;67;48
20;2017;9;20;3;3;;82;67;48
21;2017;9;20;3;3;;82;67;48
22;2017;9;20;3;3;;82;67;48
23;2017;9;20;3;3;;82;67;48
24;2017;9;20;3;4;;82;67;48
1;2017;9;21;3;4;;84;69;50
2;2017;9;21;3;4;;84;69;50
3;2017;9;21;3;4;;84;69;50
4;2017;9;21;3;4;;84;69;50
5;2017;9;21;3;4;;84;69;50
6;2017;9;21;3;1;;84;69;50
7;2017;9;21;3;1;;84;69;50
8;2017;9;21;3;1;;84;69;50
9;2017;9;21;3;1;;84;69;50
10;2017;9;21;3;1;;84;69;50
11;2017;9;21;3;1;;84;69;50
12;2017;9;21;3;2;;84;69;50
13;2017;9;21;3;2;;84;69;50
14;2017;9;21;3;2;;84;69;50
15;2017;9;21;3;2;;84;69;50
16;2017;9;21;3;2;;84;69;50
17;2017;9;21;3;2;;84;69;50
18;2017;9;21;3;3;;84;69;50
19;2017;9;21;3;3;;84;69;50
20;2017;9;21;3;3;;84;69;50
21;2017;9;21;3;3;;84;69;50
22;2017;9;21;3;3;;84;69;50
23;2017;9;21;3;3;;84;69;50
24;2017;9;21;3;4;;84;69;50
1;2017;9;22;3;4;;81;71;59
2;2017;9;22;3;4;;81;71;59
3;2017;9;22;3;4;;81;71;59
4;2017;9;22;3;4;;81;71;59
5;2017;9;22;3;4;;81;71;59
6;2017;9;22;3;1;;81;71;59
7;2017;9;22;3;1;;81;71;59
8;2017;9;22;3;1;;81;71;59
9;2017;9;22;3;1;;81;71;59
10;2017;9;22;3;1;;81;71;59
11;2017;9;22;3;1;;81;71;59
12;2017;9;22;3;2;;81;71;59
13;2017;9;22;3;2;;81;71;59
14;2017;9;22;3;2;;81;71;59
15;2017;9;22;3;2;;81;71;59
16;2017;9;22;3;2;;81;71;59
17;2017;9;22;3;2;;81;71;59
18;2017;9;22;3;3;;81;71;59
19;2017;9;22;3;3;;81;71;59
20;2017;9;22;3;3;;81;71;59
21;2017;9;22;3;3;;81;71;59
22;2017;9;22;3;3;;81;71;59
23;2017;9;22;3;3;;81;71;59
24;2017;9;22;3;4;;81;71;59
1;2017;9;23;3;4;;84;70;55
2;2017;9;23;3;4;;84;70;55
3;2017;9;23;3;4;;84;70;55
4;2017;9;23;3;4;;84;70;55
5;2017;9;23;3;4;;84;70;55
6;2017;9;23;3;1;;84;70;55
7;2017;9;23;3;1;;84;70;55
8;2017;9;23;3;1;;84;70;55
9;2017;9;23;3;1;;84;70;55
10;2017;9;23;3;1;;84;70;55
11;2017;9;23;3;1;;84;70;55
12;2017;9;23;3;2;;84;70;55
13;2017;9;23;3;2;;84;70;55
14;2017;9;23;3;2;;84;70;55
15;2017;9;23;3;2;;84;70;55
16;2017;9;23;3;2;;84;70;55
17;2017;9;23;3;2;;84;70;55
18;2017;9;23;3;3;;84;70;55
19;2017;9;23;3;3;;84;70;55
20;2017;9;23;3;3;;84;70;55
21;2017;9;23;3;3;;84;70;55
22;2017;9;23;3;3;;84;70;55
23;2017;9;23;3;3;;84;70;55
24;2017;9;23;3;4;;84;70;55
1;2017;9;24;3;4;;86;70;54
2;2017;9;24;3;4;;86;70;54
3;2017;9;24;3;4;;86;70;54
4;2017;9;24;3;4;;86;70;54
5;2017;9;24;3;4;;86;70;54
6;2017;9;24;3;1;;86;70;54
7;2017;9;24;3;1;;86;70;54
8;2017;9;24;3;1;;86;70;54
9;2017;9;24;3;1;;86;70;54
10;2017;9;24;3;1;;86;70;54
11;2017;9;24;3;1;;86;70;54
12;2017;9;24;3;2;;86;70;54
13;2017;9;24;3;2;;86;70;54
14;2017;9;24;3;2;;86;70;54
15;2017;9;24;3;2;;86;70;54
16;2017;9;24;3;2;;86;70;54
17;2017;9;24;3;2;;86;70;54
18;2017;9;24;3;3;;86;70;54
19;2017;9;24;3;3;;86;70;54
20;2017;9;24;3;3;;86;70;54
21;2017;9;24;3;3;;86;70;54
22;2017;9;24;3;3;;86;70;54
23;2017;9;24;3;3;;86;70;54
24;2017;9;24;3;4;;86;70;54
1;2017;9;25;3;4;;84;70;55
2;2017;9;25;3;4;;84;70;55
3;2017;9;25;3;4;;84;70;55
4;2017;9;25;3;4;;84;70;55
5;2017;9;25;3;4;;84;70;55
6;2017;9;25;3;1;;84;70;55
7;2017;9;25;3;1;;84;70;55
8;2017;9;25;3;1;;84;70;55
9;2017;9;25;3;1;;84;70;55
10;2017;9;25;3;1;;84;70;55
11;2017;9;25;3;1;;84;70;55
12;2017;9;25;3;2;;84;70;55
13;2017;9;25;3;2;;84;70;55
14;2017;9;25;3;2;;84;70;55
15;2017;9;25;3;2;;84;70;55
16;2017;9;25;3;2;;84;70;55
17;2017;9;25;3;2;;84;70;55
18;2017;9;25;3;3;;84;70;55
19;2017;9;25;3;3;;84;70;55
20;2017;9;25;3;3;;84;70;55
21;2017;9;25;3;3;;84;70;55
22;2017;9;25;3;3;;84;70;55
23;2017;9;25;3;3;;84;70;55
24;2017;9;25;3;4;;84;70;55
1;2017;9;26;3;4;;79;68;55
2;2017;9;26;3;4;;79;68;55
3;2017;9;26;3;4;;79;68;55
4;2017;9;26;3;4;;79;68;55
5;2017;9;26;3;4;;79;68;55
6;2017;9;26;3;1;;79;68;55
7;2017;9;26;3;1;;79;68;55
8;2017;9;26;3;1;;79;68;55
9;2017;9;26;3;1;;79;68;55
10;2017;9;26;3;1;;79;68;55
11;2017;9;26;3;1;;79;68;55
12;2017;9;26;3;2;;79;68;55
13;2017;9;26;3;2;;79;68;55
14;2017;9;26;3;2;;79;68;55
15;2017;9;26;3;2;;79;68;55
16;2017;9;26;3;2;;79;68;55
17;2017;9;26;3;2;;79;68;55
18;2017;9;26;3;3;;79;68;55
19;2017;9;26;3;3;;79;68;55
20;2017;9;26;3;3;;79;68;55
21;2017;9;26;3;3;;79;68;55
22;2017;9;26;3;3;;79;68;55
23;2017;9;26;3;3;;79;68;55
24;2017;9;26;3;4;;79;68;55
1;2017;9;27;3;4;;79;67;52
2;2017;9;27;3;4;;79;67;52
3;2017;9;27;3;4;;79;67;52
4;2017;9;27;3;4;;79;67;52
5;2017;9;27;3;4;;79;67;52
6;2017;9;27;3;1;;79;67;52
7;2017;9;27;3;1;;79;67;52
8;2017;9;27;3;1;;79;67;52
9;2017;9;27;3;1;;79;67;52
10;2017;9;27;3;1;;79;67;52
11;2017;9;27;3;1;;79;67;52
12;2017;9;27;3;2;;79;67;52
13;2017;9;27;3;2;;79;67;52
14;2017;9;27;3;2;;79;67;52
15;2017;9;27;3;2;;79;67;52
16;2017;9;27;3;2;;79;67;52
17;2017;9;27;3;2;;79;67;52
18;2017;9;27;3;3;;79;67;52
19;2017;9;27;3;3;;79;67;52
20;2017;9;27;3;3;;79;67;52
21;2017;9;27;3;3;;79;67;52
22;2017;9;27;3;3;;79;67;52
23;2017;9;27;3;3;;79;67;52
24;2017;9;27;3;4;;79;67;52
1;2017;9;28;3;4;;84;68;54
2;2017;9;28;3;4;;84;68;54
3;2017;9;28;3;4;;84;68;54
4;2017;9;28;3;4;;84;68;54
5;2017;9;28;3;4;;84;68;54
6;2017;9;28;3;1;;84;68;54
7;2017;9;28;3;1;;84;68;54
8;2017;9;28;3;1;;84;68;54
9;2017;9;28;3;1;;84;68;54
10;2017;9;28;3;1;;84;68;54
11;2017;9;28;3;1;;84;68;54
12;2017;9;28;3;2;;84;68;54
13;2017;9;28;3;2;;84;68;54
14;2017;9;28;3;2;;84;68;54
15;2017;9;28;3;2;;84;68;54
16;2017;9;28;3;2;;84;68;54
17;2017;9;28;3;2;;84;68;54
18;2017;9;28;3;3;;84;68;54
19;2017;9;28;3;3;;84;68;54
20;2017;9;28;3;3;;84;68;54
21;2017;9;28;3;3;;84;68;54
22;2017;9;28;3;3;;84;68;54
23;2017;9;28;3;3;;84;68;54
24;2017;9;28;3;4;;84;68;54
1;2017;9;29;3;4;;84;70;55
2;2017;9;29;3;4;;84;70;55
3;2017;9;29;3;4;;84;70;55
4;2017;9;29;3;4;;84;70;55
5;2017;9;29;3;4;;84;70;55
6;2017;9;29;3;1;;84;70;55
7;2017;9;29;3;1;;84;70;55
8;2017;9;29;3;1;;84;70;55
9;2017;9;29;3;1;;84;70;55
10;2017;9;29;3;1;;84;70;55
11;2017;9;29;3;1;;84;70;55
12;2017;9;29;3;2;;84;70;55
13;2017;9;29;3;2;;84;70;55
14;2017;9;29;3;2;;84;70;55
15;2017;9;29;3;2;;84;70;55
16;2017;9;29;3;2;;84;70;55
17;2017;9;29;3;2;;84;70;55
18;2017;9;29;3;3;;84;70;55
19;2017;9;29;3;3;;84;70;55
20;2017;9;29;3;3;;84;70;55
21;2017;9;29;3;3;;84;70;55
22;2017;9;29;3;3;;84;70;55
23;2017;9;29;3;3;;84;70;55
24;2017;9;29;3;4;;84;70;55
1;2017;9;30;3;4;;84;71;59
2;2017;9;30;3;4;;84;71;59
3;2017;9;30;3;4;;84;71;59
4;2017;9;30;3;4;;84;71;59
5;2017;9;30;3;4;;84;71;59
6;2017;9;30;3;1;;84;71;59
7;2017;9;30;3;1;;84;71;59
8;2017;9;30;3;1;;84;71;59
9;2017;9;30;3;1;;84;71;59
10;2017;9;30;3;1;;84;71;59
11;2017;9;30;3;1;;84;71;59
12;2017;9;30;3;2;;84;71;59
13;2017;9;30;3;2;;84;71;59
14;2017;9;30;3;2;;84;71;59
15;2017;9;30;3;2;;84;71;59
16;2017;9;30;3;2;;84;71;59
17;2017;9;30;3;2;;84;71;59
18;2017;9;30;3;3;;84;71;59
19;2017;9;30;3;3;;84;71;59
20;2017;9;30;3;3;;84;71;59
21;2017;9;30;3;3;;84;71;59
22;2017;9;30;3;3;;84;71;59
23;2017;9;30;3;3;;84;71;59
24;2017;9;30;3;4;;84;71;59
1;2017;10;1;3;4;;81;71;63
2;2017;10;1;3;4;;81;71;63
3;2017;10;1;3;4;;81;71;63
4;2017;10;1;3;4;;81;71;63
5;2017;10;1;3;4;;81;71;63
6;2017;10;1;3;1;;81;71;63
7;2017;10;1;3;1;;81;71;63
8;2017;10;1;3;1;;81;71;63
9;2017;10;1;3;1;;81;71;63
10;2017;10;1;3;1;;81;71;63
11;2017;10;1;3;1;;81;71;63
12;2017;10;1;3;2;;81;71;63
13;2017;10;1;3;2;;81;71;63
14;2017;10;1;3;2;;81;71;63
15;2017;10;1;3;2;;81;71;63
16;2017;10;1;3;2;;81;71;63
17;2017;10;1;3;2;;81;71;63
18;2017;10;1;3;3;;81;71;63
19;2017;10;1;3;3;;81;71;63
20;2017;10;1;3;3;;81;71;63
21;2017;10;1;3;3;;81;71;63
22;2017;10;1;3;3;;81;71;63
23;2017;10;1;3;3;;81;71;63
24;2017;10;1;3;4;;81;71;63
1;2017;10;2;3;4;;86;71;55
2;2017;10;2;3;4;;86;71;55
3;2017;10;2;3;4;;86;71;55
4;2017;10;2;3;4;;86;71;55
5;2017;10;2;3;4;;86;71;55
6;2017;10;2;3;1;;86;71;55
7;2017;10;2;3;1;;86;71;55
8;2017;10;2;3;1;;86;71;55
9;2017;10;2;3;1;;86;71;55
10;2017;10;2;3;1;;86;71;55
11;2017;10;2;3;1;;86;71;55
12;2017;10;2;3;2;;86;71;55
13;2017;10;2;3;2;;86;71;55
14;2017;10;2;3;2;;86;71;55
15;2017;10;2;3;2;;86;71;55
16;2017;10;2;3;2;;86;71;55
17;2017;10;2;3;2;;86;71;55
18;2017;10;2;3;3;;86;71;55
19;2017;10;2;3;3;;86;71;55
20;2017;10;2;3;3;;86;71;55
21;2017;10;2;3;3;;86;71;55
22;2017;10;2;3;3;;86;71;55
23;2017;10;2;3;3;;86;71;55
24;2017;10;2;3;4;;86;71;55
1;2017;10;3;3;4;;86;73;57
2;2017;10;3;3;4;;86;73;57
3;2017;10;3;3;4;;86;73;57
4;2017;10;3;3;4;;86;73;57
5;2017;10;3;3;4;;86;73;57
6;2017;10;3;3;1;;86;73;57
7;2017;10;3;3;1;;86;73;57
8;2017;10;3;3;1;;86;73;57
9;2017;10;3;3;1;;86;73;57
10;2017;10;3;3;1;;86;73;57
11;2017;10;3;3;1;;86;73;57
12;2017;10;3;3;2;;86;73;57
13;2017;10;3;3;2;;86;73;57
14;2017;10;3;3;2;;86;73;57
15;2017;10;3;3;2;;86;73;57
16;2017;10;3;3;2;;86;73;57
17;2017;10;3;3;2;;86;73;57
18;2017;10;3;3;3;;86;73;57
19;2017;10;3;3;3;;86;73;57
20;2017;10;3;3;3;;86;73;57
21;2017;10;3;3;3;;86;73;57
22;2017;10;3;3;3;;86;73;57
23;2017;10;3;3;3;;86;73;57
24;2017;10;3;3;4;;86;73;57
1;2017;10;4;3;4;;86;73;59
2;2017;10;4;3;4;;86;73;59
3;2017;10;4;3;4;;86;73;59
4;2017;10;4;3;4;;86;73;59
5;2017;10;4;3;4;;86;73;59
6;2017;10;4;3;1;;86;73;59
7;2017;10;4;3;1;;86;73;59
8;2017;10;4;3;1;;86;73;59
9;2017;10;4;3;1;;86;73;59
10;2017;10;4;3;1;;86;73;59
11;2017;10;4;3;1;;86;73;59
12;2017;10;4;3;2;;86;73;59
13;2017;10;4;3;2;;86;73;59
14;2017;10;4;3;2;;86;73;59
15;2017;10;4;3;2;;86;73;59
16;2017;10;4;3;2;;86;73;59
17;2017;10;4;3;2;;86;73;59
18;2017;10;4;3;3;;86;73;59
19;2017;10;4;3;3;;86;73;59
20;2017;10;4;3;3;;86;73;59
21;2017;10;4;3;3;;86;73;59
22;2017;10;4;3;3;;86;73;59
23;2017;10;4;3;3;;86;73;59
24;2017;10;4;3;4;;86;73;59
1;2017;10;5;3;4;;88;72;55
2;2017;10;5;3;4;;88;72;55
3;2017;10;5;3;4;;88;72;55
4;2017;10;5;3;4;;88;72;55
5;2017;10;5;3;4;;88;72;55
6;2017;10;5;3;1;;88;72;55
7;2017;10;5;3;1;;88;72;55
8;2017;10;5;3;1;;88;72;55
9;2017;10;5;3;1;;88;72;55
10;2017;10;5;3;1;;88;72;55
11;2017;10;5;3;1;;88;72;55
12;2017;10;5;3;2;;88;72;55
13;2017;10;5;3;2;;88;72;55
14;2017;10;5;3;2;;88;72;55
15;2017;10;5;3;2;;88;72;55
16;2017;10;5;3;2;;88;72;55
17;2017;10;5;3;2;;88;72;55
18;2017;10;5;3;3;;88;72;55
19;2017;10;5;3;3;;88;72;55
20;2017;10;5;3;3;;88;72;55
21;2017;10;5;3;3;;88;72;55
22;2017;10;5;3;3;;88;72;55
23;2017;10;5;3;3;;88;72;55
24;2017;10;5;3;4;;88;72;55
1;2017;10;6;3;4;;88;73;55
2;2017;10;6;3;4;;88;73;55
3;2017;10;6;3;4;;88;73;55
4;2017;10;6;3;4;;88;73;55
5;2017;10;6;3;4;;88;73;55
6;2017;10;6;3;1;;88;73;55
7;2017;10;6;3;1;;88;73;55
8;2017;10;6;3;1;;88;73;55
9;2017;10;6;3;1;;88;73;55
10;2017;10;6;3;1;;88;73;55
11;2017;10;6;3;1;;88;73;55
12;2017;10;6;3;2;;88;73;55
13;2017;10;6;3;2;;88;73;55
14;2017;10;6;3;2;;88;73;55
15;2017;10;6;3;2;;88;73;55
16;2017;10;6;3;2;;88;73;55
17;2017;10;6;3;2;;88;73;55
18;2017;10;6;3;3;;88;73;55
19;2017;10;6;3;3;;88;73;55
20;2017;10;6;3;3;;88;73;55
21;2017;10;6;3;3;;88;73;55
22;2017;10;6;3;3;;88;73;55
23;2017;10;6;3;3;;88;73;55
24;2017;10;6;3;4;;88;73;55
1;2017;10;7;3;4;;81;66;48
2;2017;10;7;3;4;;81;66;48
3;2017;10;7;3;4;;81;66;48
4;2017;10;7;3;4;;81;66;48
5;2017;10;7;3;4;;81;66;48
6;2017;10;7;3;1;;81;66;48
7;2017;10;7;3;1;;81;66;48
8;2017;10;7;3;1;;81;66;48
9;2017;10;7;3;1;;81;66;48
10;2017;10;7;3;1;;81;66;48
11;2017;10;7;3;1;;81;66;48
12;2017;10;7;3;2;;81;66;48
13;2017;10;7;3;2;;81;66;48
14;2017;10;7;3;2;;81;66;48
15;2017;10;7;3;2;;81;66;48
16;2017;10;7;3;2;;81;66;48
17;2017;10;7;3;2;;81;66;48
18;2017;10;7;3;3;;81;66;48
19;2017;10;7;3;3;;81;66;48
20;2017;10;7;3;3;;81;66;48
21;2017;10;7;3;3;;81;66;48
22;2017;10;7;3;3;;81;66;48
23;2017;10;7;3;3;;81;66;48
24;2017;10;7;3;4;;81;66;48
1;2017;10;8;3;4;;82;65;50
2;2017;10;8;3;4;;82;65;50
3;2017;10;8;3;4;;82;65;50
4;2017;10;8;3;4;;82;65;50
5;2017;10;8;3;4;;82;65;50
6;2017;10;8;3;1;;82;65;50
7;2017;10;8;3;1;;82;65;50
8;2017;10;8;3;1;;82;65;50
9;2017;10;8;3;1;;82;65;50
10;2017;10;8;3;1;;82;65;50
11;2017;10;8;3;1;;82;65;50
12;2017;10;8;3;2;;82;65;50
13;2017;10;8;3;2;;82;65;50
14;2017;10;8;3;2;;82;65;50
15;2017;10;8;3;2;;82;65;50
16;2017;10;8;3;2;;82;65;50
17;2017;10;8;3;2;;82;65;50
18;2017;10;8;3;3;;82;65;50
19;2017;10;8;3;3;;82;65;50
20;2017;10;8;3;3;;82;65;50
21;2017;10;8;3;3;;82;65;50
22;2017;10;8;3;3;;82;65;50
23;2017;10;8;3;3;;82;65;50
24;2017;10;8;3;4;;82;65;50
1;2017;10;9;3;4;;82;65;45
2;2017;10;9;3;4;;82;65;45
3;2017;10;9;3;4;;82;65;45
4;2017;10;9;3;4;;82;65;45
5;2017;10;9;3;4;;82;65;45
6;2017;10;9;3;1;;82;65;45
7;2017;10;9;3;1;;82;65;45
8;2017;10;9;3;1;;82;65;45
9;2017;10;9;3;1;;82;65;45
10;2017;10;9;3;1;;82;65;45
11;2017;10;9;3;1;;82;65;45
12;2017;10;9;3;2;;82;65;45
13;2017;10;9;3;2;;82;65;45
14;2017;10;9;3;2;;82;65;45
15;2017;10;9;3;2;;82;65;45
16;2017;10;9;3;2;;82;65;45
17;2017;10;9;3;2;;82;65;45
18;2017;10;9;3;3;;82;65;45
19;2017;10;9;3;3;;82;65;45
20;2017;10;9;3;3;;82;65;45
21;2017;10;9;3;3;;82;65;45
22;2017;10;9;3;3;;82;65;45
23;2017;10;9;3;3;;82;65;45
24;2017;10;9;3;4;;82;65;45
1;2017;10;10;3;4;;84;64;46
2;2017;10;10;3;4;;84;64;46
3;2017;10;10;3;4;;84;64;46
4;2017;10;10;3;4;;84;64;46
5;2017;10;10;3;4;;84;64;46
6;2017;10;10;3;1;;84;64;46
7;2017;10;10;3;1;;84;64;46
8;2017;10;10;3;1;;84;64;46
9;2017;10;10;3;1;;84;64;46
10;2017;10;10;3;1;;84;64;46
11;2017;10;10;3;1;;84;64;46
12;2017;10;10;3;2;;84;64;46
13;2017;10;10;3;2;;84;64;46
14;2017;10;10;3;2;;84;64;46
15;2017;10;10;3;2;;84;64;46
16;2017;10;10;3;2;;84;64;46
17;2017;10;10;3;2;;84;64;46
18;2017;10;10;3;3;;84;64;46
19;2017;10;10;3;3;;84;64;46
20;2017;10;10;3;3;;84;64;46
21;2017;10;10;3;3;;84;64;46
22;2017;10;10;3;3;;84;64;46
23;2017;10;10;3;3;;84;64;46
24;2017;10;10;3;4;;84;64;46
1;2017;10;11;3;4;;82;64;46
2;2017;10;11;3;4;;82;64;46
3;2017;10;11;3;4;;82;64;46
4;2017;10;11;3;4;;82;64;46
5;2017;10;11;3;4;;82;64;46
6;2017;10;11;3;1;;82;64;46
7;2017;10;11;3;1;;82;64;46
8;2017;10;11;3;1;;82;64;46
9;2017;10;11;3;1;;82;64;46
10;2017;10;11;3;1;;82;64;46
11;2017;10;11;3;1;;82;64;46
12;2017;10;11;3;2;;82;64;46
13;2017;10;11;3;2;;82;64;46
14;2017;10;11;3;2;;82;64;46
15;2017;10;11;3;2;;82;64;46
16;2017;10;11;3;2;;82;64;46
17;2017;10;11;3;2;;82;64;46
18;2017;10;11;3;3;;82;64;46
19;2017;10;11;3;3;;82;64;46
20;2017;10;11;3;3;;82;64;46
21;2017;10;11;3;3;;82;64;46
22;2017;10;11;3;3;;82;64;46
23;2017;10;11;3;3;;82;64;46
24;2017;10;11;3;4;;82;64;46
1;2017;10;12;3;4;;86;66;48
2;2017;10;12;3;4;;86;66;48
3;2017;10;12;3;4;;86;66;48
4;2017;10;12;3;4;;86;66;48
5;2017;10;12;3;4;;86;66;48
6;2017;10;12;3;1;;86;66;48
7;2017;10;12;3;1;;86;66;48
8;2017;10;12;3;1;;86;66;48
9;2017;10;12;3;1;;86;66;48
10;2017;10;12;3;1;;86;66;48
11;2017;10;12;3;1;;86;66;48
12;2017;10;12;3;2;;86;66;48
13;2017;10;12;3;2;;86;66;48
14;2017;10;12;3;2;;86;66;48
15;2017;10;12;3;2;;86;66;48
16;2017;10;12;3;2;;86;66;48
17;2017;10;12;3;2;;86;66;48
18;2017;10;12;3;3;;86;66;48
19;2017;10;12;3;3;;86;66;48
20;2017;10;12;3;3;;86;66;48
21;2017;10;12;3;3;;86;66;48
22;2017;10;12;3;3;;86;66;48
23;2017;10;12;3;3;;86;66;48
24;2017;10;12;3;4;;86;66;48
1;2017;10;13;3;4;;84;68;52
2;2017;10;13;3;4;;84;68;52
3;2017;10;13;3;4;;84;68;52
4;2017;10;13;3;4;;84;68;52
5;2017;10;13;3;4;;84;68;52
6;2017;10;13;3;1;;84;68;52
7;2017;10;13;3;1;;84;68;52
8;2017;10;13;3;1;;84;68;52
9;2017;10;13;3;1;;84;68;52
10;2017;10;13;3;1;;84;68;52
11;2017;10;13;3;1;;84;68;52
12;2017;10;13;3;2;;84;68;52
13;2017;10;13;3;2;;84;68;52
14;2017;10;13;3;2;;84;68;52
15;2017;10;13;3;2;;84;68;52
16;2017;10;13;3;2;;84;68;52
17;2017;10;13;3;2;;84;68;52
18;2017;10;13;3;3;;84;68;52
19;2017;10;13;3;3;;84;68;52
20;2017;10;13;3;3;;84;68;52
21;2017;10;13;3;3;;84;68;52
22;2017;10;13;3;3;;84;68;52
23;2017;10;13;3;3;;84;68;52
24;2017;10;13;3;4;;84;68;52
1;2017;10;14;3;4;;84;66;50
2;2017;10;14;3;4;;84;66;50
3;2017;10;14;3;4;;84;66;50
4;2017;10;14;3;4;;84;66;50
5;2017;10;14;3;4;;84;66;50
6;2017;10;14;3;1;;84;66;50
7;2017;10;14;3;1;;84;66;50
8;2017;10;14;3;1;;84;66;50
9;2017;10;14;3;1;;84;66;50
10;2017;10;14;3;1;;84;66;50
11;2017;10;14;3;1;;84;66;50
12;2017;10;14;3;2;;84;66;50
13;2017;10;14;3;2;;84;66;50
14;2017;10;14;3;2;;84;66;50
15;2017;10;14;3;2;;84;66;50
16;2017;10;14;3;2;;84;66;50
17;2017;10;14;3;2;;84;66;50
18;2017;10;14;3;3;;84;66;50
19;2017;10;14;3;3;;84;66;50
20;2017;10;14;3;3;;84;66;50
21;2017;10;14;3;3;;84;66;50
22;2017;10;14;3;3;;84;66;50
23;2017;10;14;3;3;;84;66;50
24;2017;10;14;3;4;;84;66;50
1;2017;10;15;3;4;;84;70;57
2;2017;10;15;3;4;;84;70;57
3;2017;10;15;3;4;;84;70;57
4;2017;10;15;3;4;;84;70;57
5;2017;10;15;3;4;;84;70;57
6;2017;10;15;3;1;;84;70;57
7;2017;10;15;3;1;;84;70;57
8;2017;10;15;3;1;;84;70;57
9;2017;10;15;3;1;;84;70;57
10;2017;10;15;3;1;;84;70;57
11;2017;10;15;3;1;;84;70;57
12;2017;10;15;3;2;;84;70;57
13;2017;10;15;3;2;;84;70;57
14;2017;10;15;3;2;;84;70;57
15;2017;10;15;3;2;;84;70;57
16;2017;10;15;3;2;;84;70;57
17;2017;10;15;3;2;;84;70;57
18;2017;10;15;3;3;;84;70;57
19;2017;10;15;3;3;;84;70;57
20;2017;10;15;3;3;;84;70;57
21;2017;10;15;3;3;;84;70;57
22;2017;10;15;3;3;;84;70;57
23;2017;10;15;3;3;;84;70;57
24;2017;10;15;3;4;;84;70;57
1;2017;10;16;3;4;;81;68;54
2;2017;10;16;3;4;;81;68;54
3;2017;10;16;3;4;;81;68;54
4;2017;10;16;3;4;;81;68;54
5;2017;10;16;3;4;;81;68;54
6;2017;10;16;3;1;;81;68;54
7;2017;10;16;3;1;;81;68;54
8;2017;10;16;3;1;;81;68;54
9;2017;10;16;3;1;;81;68;54
10;2017;10;16;3;1;;81;68;54
11;2017;10;16;3;1;;81;68;54
12;2017;10;16;3;2;;81;68;54
13;2017;10;16;3;2;;81;68;54
14;2017;10;16;3;2;;81;68;54
15;2017;10;16;3;2;;81;68;54
16;2017;10;16;3;2;;81;68;54
17;2017;10;16;3;2;;81;68;54
18;2017;10;16;3;3;;81;68;54
19;2017;10;16;3;3;;81;68;54
20;2017;10;16;3;3;;81;68;54
21;2017;10;16;3;3;;81;68;54
22;2017;10;16;3;3;;81;68;54
23;2017;10;16;3;3;;81;68;54
24;2017;10;16;3;4;;81;68;54
1;2017;10;17;3;4;;70;60;52
2;2017;10;17;3;4;;70;60;52
3;2017;10;17;3;4;;70;60;52
4;2017;10;17;3;4;;70;60;52
5;2017;10;17;3;4;;70;60;52
6;2017;10;17;3;1;;70;60;52
7;2017;10;17;3;1;;70;60;52
8;2017;10;17;3;1;;70;60;52
9;2017;10;17;3;1;;70;60;52
10;2017;10;17;3;1;;70;60;52
11;2017;10;17;3;1;;70;60;52
12;2017;10;17;3;2;;70;60;52
13;2017;10;17;3;2;;70;60;52
14;2017;10;17;3;2;;70;60;52
15;2017;10;17;3;2;;70;60;52
16;2017;10;17;3;2;;70;60;52
17;2017;10;17;3;2;;70;60;52
18;2017;10;17;3;3;;70;60;52
19;2017;10;17;3;3;;70;60;52
20;2017;10;17;3;3;;70;60;52
21;2017;10;17;3;3;;70;60;52
22;2017;10;17;3;3;;70;60;52
23;2017;10;17;3;3;;70;60;52
24;2017;10;17;3;4;;70;60;52
1;2017;10;18;3;4;;59;56;50
2;2017;10;18;3;4;;59;56;50
3;2017;10;18;3;4;;59;56;50
4;2017;10;18;3;4;;59;56;50
5;2017;10;18;3;4;;59;56;50
6;2017;10;18;3;1;;59;56;50
7;2017;10;18;3;1;;59;56;50
8;2017;10;18;3;1;;59;56;50
9;2017;10;18;3;1;;59;56;50
10;2017;10;18;3;1;;59;56;50
11;2017;10;18;3;1;;59;56;50
12;2017;10;18;3;2;;59;56;50
13;2017;10;18;3;2;;59;56;50
14;2017;10;18;3;2;;59;56;50
15;2017;10;18;3;2;;59;56;50
16;2017;10;18;3;2;;59;56;50
17;2017;10;18;3;2;;59;56;50
18;2017;10;18;3;3;;59;56;50
19;2017;10;18;3;3;;59;56;50
20;2017;10;18;3;3;;59;56;50
21;2017;10;18;3;3;;59;56;50
22;2017;10;18;3;3;;59;56;50
23;2017;10;18;3;3;;59;56;50
24;2017;10;18;3;4;;59;56;50
1;2017;10;19;3;4;;66;54;46
2;2017;10;19;3;4;;66;54;46
3;2017;10;19;3;4;;66;54;46
4;2017;10;19;3;4;;66;54;46
5;2017;10;19;3;4;;66;54;46
6;2017;10;19;3;1;;66;54;46
7;2017;10;19;3;1;;66;54;46
8;2017;10;19;3;1;;66;54;46
9;2017;10;19;3;1;;66;54;46
10;2017;10;19;3;1;;66;54;46
11;2017;10;19;3;1;;66;54;46
12;2017;10;19;3;2;;66;54;46
13;2017;10;19;3;2;;66;54;46
14;2017;10;19;3;2;;66;54;46
15;2017;10;19;3;2;;66;54;46
16;2017;10;19;3;2;;66;54;46
17;2017;10;19;3;2;;66;54;46
18;2017;10;19;3;3;;66;54;46
19;2017;10;19;3;3;;66;54;46
20;2017;10;19;3;3;;66;54;46
21;2017;10;19;3;3;;66;54;46
22;2017;10;19;3;3;;66;54;46
23;2017;10;19;3;3;;66;54;46
24;2017;10;19;3;4;;66;54;46
1;2017;10;20;3;4;;70;59;50
2;2017;10;20;3;4;;70;59;50
3;2017;10;20;3;4;;70;59;50
4;2017;10;20;3;4;;70;59;50
5;2017;10;20;3;4;;70;59;50
6;2017;10;20;3;1;;70;59;50
7;2017;10;20;3;1;;70;59;50
8;2017;10;20;3;1;;70;59;50
9;2017;10;20;3;1;;70;59;50
10;2017;10;20;3;1;;70;59;50
11;2017;10;20;3;1;;70;59;50
12;2017;10;20;3;2;;70;59;50
13;2017;10;20;3;2;;70;59;50
14;2017;10;20;3;2;;70;59;50
15;2017;10;20;3;2;;70;59;50
16;2017;10;20;3;2;;70;59;50
17;2017;10;20;3;2;;70;59;50
18;2017;10;20;3;3;;70;59;50
19;2017;10;20;3;3;;70;59;50
20;2017;10;20;3;3;;70;59;50
21;2017;10;20;3;3;;70;59;50
22;2017;10;20;3;3;;70;59;50
23;2017;10;20;3;3;;70;59;50
24;2017;10;20;3;4;;70;59;50
1;2017;10;21;3;4;;73;63;55
2;2017;10;21;3;4;;73;63;55
3;2017;10;21;3;4;;73;63;55
4;2017;10;21;3;4;;73;63;55
5;2017;10;21;3;4;;73;63;55
6;2017;10;21;3;1;;73;63;55
7;2017;10;21;3;1;;73;63;55
8;2017;10;21;3;1;;73;63;55
9;2017;10;21;3;1;;73;63;55
10;2017;10;21;3;1;;73;63;55
11;2017;10;21;3;1;;73;63;55
12;2017;10;21;3;2;;73;63;55
13;2017;10;21;3;2;;73;63;55
14;2017;10;21;3;2;;73;63;55
15;2017;10;21;3;2;;73;63;55
16;2017;10;21;3;2;;73;63;55
17;2017;10;21;3;2;;73;63;55
18;2017;10;21;3;3;;73;63;55
19;2017;10;21;3;3;;73;63;55
20;2017;10;21;3;3;;73;63;55
21;2017;10;21;3;3;;73;63;55
22;2017;10;21;3;3;;73;63;55
23;2017;10;21;3;3;;73;63;55
24;2017;10;21;3;4;;73;63;55
1;2017;10;22;3;4;;66;57;46
2;2017;10;22;3;4;;66;57;46
3;2017;10;22;3;4;;66;57;46
4;2017;10;22;3;4;;66;57;46
5;2017;10;22;3;4;;66;57;46
6;2017;10;22;3;1;;66;57;46
7;2017;10;22;3;1;;66;57;46
8;2017;10;22;3;1;;66;57;46
9;2017;10;22;3;1;;66;57;46
10;2017;10;22;3;1;;66;57;46
11;2017;10;22;3;1;;66;57;46
12;2017;10;22;3;2;;66;57;46
13;2017;10;22;3;2;;66;57;46
14;2017;10;22;3;2;;66;57;46
15;2017;10;22;3;2;;66;57;46
16;2017;10;22;3;2;;66;57;46
17;2017;10;22;3;2;;66;57;46
18;2017;10;22;3;3;;66;57;46
19;2017;10;22;3;3;;66;57;46
20;2017;10;22;3;3;;66;57;46
21;2017;10;22;3;3;;66;57;46
22;2017;10;22;3;3;;66;57;46
23;2017;10;22;3;3;;66;57;46
24;2017;10;22;3;4;;66;57;46
1;2017;10;23;3;4;;75;56;41
2;2017;10;23;3;4;;75;56;41
3;2017;10;23;3;4;;75;56;41
4;2017;10;23;3;4;;75;56;41
5;2017;10;23;3;4;;75;56;41
6;2017;10;23;3;1;;75;56;41
7;2017;10;23;3;1;;75;56;41
8;2017;10;23;3;1;;75;56;41
9;2017;10;23;3;1;;75;56;41
10;2017;10;23;3;1;;75;56;41
11;2017;10;23;3;1;;75;56;41
12;2017;10;23;3;2;;75;56;41
13;2017;10;23;3;2;;75;56;41
14;2017;10;23;3;2;;75;56;41
15;2017;10;23;3;2;;75;56;41
16;2017;10;23;3;2;;75;56;41
17;2017;10;23;3;2;;75;56;41
18;2017;10;23;3;3;;75;56;41
19;2017;10;23;3;3;;75;56;41
20;2017;10;23;3;3;;75;56;41
21;2017;10;23;3;3;;75;56;41
22;2017;10;23;3;3;;75;56;41
23;2017;10;23;3;3;;75;56;41
24;2017;10;23;3;4;;75;56;41
1;2017;10;24;3;4;;77;59;45
2;2017;10;24;3;4;;77;59;45
3;2017;10;24;3;4;;77;59;45
4;2017;10;24;3;4;;77;59;45
5;2017;10;24;3;4;;77;59;45
6;2017;10;24;3;1;;77;59;45
7;2017;10;24;3;1;;77;59;45
8;2017;10;24;3;1;;77;59;45
9;2017;10;24;3;1;;77;59;45
10;2017;10;24;3;1;;77;59;45
11;2017;10;24;3;1;;77;59;45
12;2017;10;24;3;2;;77;59;45
13;2017;10;24;3;2;;77;59;45
14;2017;10;24;3;2;;77;59;45
15;2017;10;24;3;2;;77;59;45
16;2017;10;24;3;2;;77;59;45
17;2017;10;24;3;2;;77;59;45
18;2017;10;24;3;3;;77;59;45
19;2017;10;24;3;3;;77;59;45
20;2017;10;24;3;3;;77;59;45
21;2017;10;24;3;3;;77;59;45
22;2017;10;24;3;3;;77;59;45
23;2017;10;24;3;3;;77;59;45
24;2017;10;24;3;4;;77;59;45
1;2017;10;25;3;4;;79;61;45
2;2017;10;25;3;4;;79;61;45
3;2017;10;25;3;4;;79;61;45
4;2017;10;25;3;4;;79;61;45
5;2017;10;25;3;4;;79;61;45
6;2017;10;25;3;1;;79;61;45
7;2017;10;25;3;1;;79;61;45
8;2017;10;25;3;1;;79;61;45
9;2017;10;25;3;1;;79;61;45
10;2017;10;25;3;1;;79;61;45
11;2017;10;25;3;1;;79;61;45
12;2017;10;25;3;2;;79;61;45
13;2017;10;25;3;2;;79;61;45
14;2017;10;25;3;2;;79;61;45
15;2017;10;25;3;2;;79;61;45
16;2017;10;25;3;2;;79;61;45
17;2017;10;25;3;2;;79;61;45
18;2017;10;25;3;3;;79;61;45
19;2017;10;25;3;3;;79;61;45
20;2017;10;25;3;3;;79;61;45
21;2017;10;25;3;3;;79;61;45
22;2017;10;25;3;3;;79;61;45
23;2017;10;25;3;3;;79;61;45
24;2017;10;25;3;4;;79;61;45
1;2017;10;26;3;4;;81;61;45
2;2017;10;26;3;4;;81;61;45
3;2017;10;26;3;4;;81;61;45
4;2017;10;26;3;4;;81;61;45
5;2017;10;26;3;4;;81;61;45
6;2017;10;26;3;1;;81;61;45
7;2017;10;26;3;1;;81;61;45
8;2017;10;26;3;1;;81;61;45
9;2017;10;26;3;1;;81;61;45
10;2017;10;26;3;1;;81;61;45
11;2017;10;26;3;1;;81;61;45
12;2017;10;26;3;2;;81;61;45
13;2017;10;26;3;2;;81;61;45
14;2017;10;26;3;2;;81;61;45
15;2017;10;26;3;2;;81;61;45
16;2017;10;26;3;2;;81;61;45
17;2017;10;26;3;2;;81;61;45
18;2017;10;26;3;3;;81;61;45
19;2017;10;26;3;3;;81;61;45
20;2017;10;26;3;3;;81;61;45
21;2017;10;26;3;3;;81;61;45
22;2017;10;26;3;3;;81;61;45
23;2017;10;26;3;3;;81;61;45
24;2017;10;26;3;4;;81;61;45
1;2017;10;27;3;4;;84;63;45
2;2017;10;27;3;4;;84;63;45
3;2017;10;27;3;4;;84;63;45
4;2017;10;27;3;4;;84;63;45
5;2017;10;27;3;4;;84;63;45
6;2017;10;27;3;1;;84;63;45
7;2017;10;27;3;1;;84;63;45
8;2017;10;27;3;1;;84;63;45
9;2017;10;27;3;1;;84;63;45
10;2017;10;27;3;1;;84;63;45
11;2017;10;27;3;1;;84;63;45
12;2017;10;27;3;2;;84;63;45
13;2017;10;27;3;2;;84;63;45
14;2017;10;27;3;2;;84;63;45
15;2017;10;27;3;2;;84;63;45
16;2017;10;27;3;2;;84;63;45
17;2017;10;27;3;2;;84;63;45
18;2017;10;27;3;3;;84;63;45
19;2017;10;27;3;3;;84;63;45
20;2017;10;27;3;3;;84;63;45
21;2017;10;27;3;3;;84;63;45
22;2017;10;27;3;3;;84;63;45
23;2017;10;27;3;3;;84;63;45
24;2017;10;27;3;4;;84;63;45
1;2017;10;28;3;4;;75;62;48
2;2017;10;28;3;4;;75;62;48
3;2017;10;28;3;4;;75;62;48
4;2017;10;28;3;4;;75;62;48
5;2017;10;28;3;4;;75;62;48
6;2017;10;28;3;1;;75;62;48
7;2017;10;28;3;1;;75;62;48
8;2017;10;28;3;1;;75;62;48
9;2017;10;28;3;1;;75;62;48
10;2017;10;28;3;1;;75;62;48
11;2017;10;28;3;1;;75;62;48
12;2017;10;28;3;2;;75;62;48
13;2017;10;28;3;2;;75;62;48
14;2017;10;28;3;2;;75;62;48
15;2017;10;28;3;2;;75;62;48
16;2017;10;28;3;2;;75;62;48
17;2017;10;28;3;2;;75;62;48
18;2017;10;28;3;3;;75;62;48
19;2017;10;28;3;3;;75;62;48
20;2017;10;28;3;3;;75;62;48
21;2017;10;28;3;3;;75;62;48
22;2017;10;28;3;3;;75;62;48
23;2017;10;28;3;3;;75;62;48
24;2017;10;28;3;4;;75;62;48
1;2017;10;29;3;4;;77;58;41
2;2017;10;29;3;4;;77;58;41
3;2017;10;29;3;4;;77;58;41
4;2017;10;29;3;4;;77;58;41
5;2017;10;29;3;4;;77;58;41
6;2017;10;29;3;1;;77;58;41
7;2017;10;29;3;1;;77;58;41
8;2017;10;29;3;1;;77;58;41
9;2017;10;29;3;1;;77;58;41
10;2017;10;29;3;1;;77;58;41
11;2017;10;29;3;1;;77;58;41
12;2017;10;29;3;2;;77;58;41
13;2017;10;29;3;2;;77;58;41
14;2017;10;29;3;2;;77;58;41
15;2017;10;29;3;2;;77;58;41
16;2017;10;29;3;2;;77;58;41
17;2017;10;29;3;2;;77;58;41
18;2017;10;29;3;3;;77;58;41
19;2017;10;29;3;3;;77;58;41
20;2017;10;29;3;3;;77;58;41
21;2017;10;29;3;3;;77;58;41
22;2017;10;29;3;3;;77;58;41
23;2017;10;29;3;3;;77;58;41
24;2017;10;29;3;4;;77;58;41
1;2017;10;30;3;4;;70;57;43
2;2017;10;30;3;4;;70;57;43
3;2017;10;30;3;4;;70;57;43
4;2017;10;30;3;4;;70;57;43
5;2017;10;30;3;4;;70;57;43
6;2017;10;30;3;1;;70;57;43
7;2017;10;30;3;1;;70;57;43
8;2017;10;30;3;1;;70;57;43
9;2017;10;30;3;1;;70;57;43
10;2017;10;30;3;1;;70;57;43
11;2017;10;30;3;1;;70;57;43
12;2017;10;30;3;2;;70;57;43
13;2017;10;30;3;2;;70;57;43
14;2017;10;30;3;2;;70;57;43
15;2017;10;30;3;2;;70;57;43
16;2017;10;30;3;2;;70;57;43
17;2017;10;30;3;2;;70;57;43
18;2017;10;30;3;3;;70;57;43
19;2017;10;30;3;3;;70;57;43
20;2017;10;30;3;3;;70;57;43
21;2017;10;30;3;3;;70;57;43
22;2017;10;30;3;3;;70;57;43
23;2017;10;30;3;3;;70;57;43
24;2017;10;30;3;4;;70;57;43
1;2017;10;31;3;4;;68;55;43
2;2017;10;31;3;4;;68;55;43
3;2017;10;31;3;4;;68;55;43
4;2017;10;31;3;4;;68;55;43
5;2017;10;31;3;4;;68;55;43
6;2017;10;31;3;1;;68;55;43
7;2017;10;31;3;1;;68;55;43
8;2017;10;31;3;1;;68;55;43
9;2017;10;31;3;1;;68;55;43
10;2017;10;31;3;1;;68;55;43
11;2017;10;31;3;1;;68;55;43
12;2017;10;31;3;2;;68;55;43
13;2017;10;31;3;2;;68;55;43
14;2017;10;31;3;2;;68;55;43
15;2017;10;31;3;2;;68;55;43
16;2017;10;31;3;2;;68;55;43
17;2017;10;31;3;2;;68;55;43
18;2017;10;31;3;3;;68;55;43
19;2017;10;31;3;3;;68;55;43
20;2017;10;31;3;3;;68;55;43
21;2017;10;31;3;3;;68;55;43
22;2017;10;31;3;3;;68;55;43
23;2017;10;31;3;3;;68;55;43
24;2017;10;31;3;4;;68;55;43
1;2017;11;1;3;4;;68;55;46
2;2017;11;1;3;4;;68;55;46
3;2017;11;1;3;4;;68;55;46
4;2017;11;1;3;4;;68;55;46
5;2017;11;1;3;4;;68;55;46
6;2017;11;1;3;1;;68;55;46
7;2017;11;1;3;1;;68;55;46
8;2017;11;1;3;1;;68;55;46
9;2017;11;1;3;1;;68;55;46
10;2017;11;1;3;1;;68;55;46
11;2017;11;1;3;1;;68;55;46
12;2017;11;1;3;2;;68;55;46
13;2017;11;1;3;2;;68;55;46
14;2017;11;1;3;2;;68;55;46
15;2017;11;1;3;2;;68;55;46
16;2017;11;1;3;2;;68;55;46
17;2017;11;1;3;2;;68;55;46
18;2017;11;1;3;3;;68;55;46
19;2017;11;1;3;3;;68;55;46
20;2017;11;1;3;3;;68;55;46
21;2017;11;1;3;3;;68;55;46
22;2017;11;1;3;3;;68;55;46
23;2017;11;1;3;3;;68;55;46
24;2017;11;1;3;4;;68;55;46
