Date,Hour,Consumption
2017-08-01,1,4870.900033046491
2017-08-01,2,4875.881116070785
2017-08-01,3,4880.862199096009
2017-08-01,4,4885.843282120302
2017-08-01,5,4890.824365145527
2017-08-01,6,4893.844200362451
2017-08-01,7,4898.825283387676
2017-08-01,8,4903.806366411969
2017-08-01,9,4908.787449437194
2017-08-01,10,4913.768532461487
2017-08-01,11,4918.749615486711
2017-08-01,12,4924.384447780438
2017-08-01,13,4929.365530805662
2017-08-01,14,4934.3466138299555
2017-08-01,15,4939.32769685518
2017-08-01,16,4944.308779879473
2017-08-01,17,4949.289862904698
2017-08-01,18,4954.924695197493
2017-08-01,19,4959.905778222717
2017-08-01,20,4964.8868612470105
2017-08-01,21,4969.867944272235
2017-08-01,22,4974.849027296528
2017-08-01,23,4979.830110321753
2017-08-01,24,4985.464942615479
2017-08-02,1,4912.925916417502
2017-08-02,2,4917.906999442726
2017-08-02,3,4922.88808246702
2017-08-02,4,4927.869165492244
2017-08-02,5,4932.850248516537
2017-08-02,6,4935.870083734393
2017-08-02,7,4940.851166758686
2017-08-02,8,4945.832249783911
2017-08-02,9,4950.813332808204
2017-08-02,10,4955.7944158334285
2017-08-02,11,4960.775498857722
2017-08-02,12,4966.4103311523795
2017-08-02,13,4971.391414176673
2017-08-02,14,4976.372497201897
2017-08-02,15,4981.35358022619
2017-08-02,16,4986.334663251415
2017-08-02,17,4991.315746275708
2017-08-02,18,4996.950578568503
2017-08-02,19,5001.931661593728
2017-08-02,20,5006.912744618021
2017-08-02,21,5011.8938276432455
2017-08-02,22,5016.874910667539
2017-08-02,23,5021.855993692763
2017-08-02,24,5027.49082598649
2017-08-03,1,4956.979843452573
2017-08-03,2,4961.960926477797
2017-08-03,3,4966.9420095020905
2017-08-03,4,4971.923092527315
2017-08-03,5,4976.904175551608
2017-08-03,6,4979.924010769464
2017-08-03,7,4984.905093793757
2017-08-03,8,4989.886176818982
2017-08-03,9,4994.867259843275
2017-08-03,10,4999.8483428684995
2017-08-03,11,5004.829425892793
2017-08-03,12,5010.4642581874505
2017-08-03,13,5015.445341211744
2017-08-03,14,5020.426424236968
2017-08-03,15,5025.407507261261
2017-08-03,16,5030.388590286486
2017-08-03,17,5035.369673310779
2017-08-03,18,5041.0045056045055
2017-08-03,19,5045.985588628799
2017-08-03,20,5050.966671654023
2017-08-03,21,5055.947754678316
2017-08-03,22,5060.928837703541
2017-08-03,23,5065.909920727834
2017-08-03,24,5071.544753021561
2017-08-04,1,5051.638081561774
2017-08-04,2,5056.6191645869985
2017-08-04,3,5061.600247611292
2017-08-04,4,5066.581330636516
2017-08-04,5,5071.562413660809
2017-08-04,6,5074.582248878665
2017-08-04,7,5079.563331902958
2017-08-04,8,5084.544414928183
2017-08-04,9,5089.525497952476
2017-08-04,10,5094.506580977701
2017-08-04,11,5099.487664001994
2017-08-04,12,5105.122496296652
2017-08-04,13,5110.103579320945
2017-08-04,14,5115.084662346169
2017-08-04,15,5120.0657453704625
2017-08-04,16,5125.046828394756
2017-08-04,17,5130.02791141998
2017-08-04,18,5135.662743712775
2017-08-04,19,5140.643826738
2017-08-04,20,5145.624909762293
2017-08-04,21,5150.605992787518
2017-08-04,22,5155.587075811811
2017-08-04,23,5160.568158837035
2017-08-04,24,5166.202991130762
2017-08-05,1,5115.63846273534
2017-08-05,2,5120.6195457605645
2017-08-05,3,5125.600628784858
2017-08-05,4,5130.581711810082
2017-08-05,5,5135.562794834375
2017-08-05,6,5138.582630052231
2017-08-05,7,5143.563713076524
2017-08-05,8,5148.544796101749
2017-08-05,9,5153.525879126042
2017-08-05,10,5158.506962151267
2017-08-05,11,5163.48804517556
2017-08-05,12,5169.122877470218
2017-08-05,13,5174.103960494511
2017-08-05,14,5179.085043519735
2017-08-05,15,5184.0661265440285
2017-08-05,16,5189.047209569253
2017-08-05,17,5194.028292593546
2017-08-05,18,5199.663124886341
2017-08-05,19,5204.644207911566
2017-08-05,20,5209.625290935859
2017-08-05,21,5214.606373961084
2017-08-05,22,5219.587456985377
2017-08-05,23,5224.568540010601
2017-08-05,24,5230.203372304328
2017-08-06,1,5036.422379896045
2017-08-06,2,5041.403462921269
2017-08-06,3,5046.384545945562
2017-08-06,4,5051.365628970787
2017-08-06,5,5056.34671199508
2017-08-06,6,5059.366547212936
2017-08-06,7,5064.347630237229
2017-08-06,8,5069.328713262454
2017-08-06,9,5074.309796286747
2017-08-06,10,5079.290879311971
2017-08-06,11,5084.271962336265
2017-08-06,12,5089.906794630922
2017-08-06,13,5094.887877655216
2017-08-06,14,5099.868960679509
2017-08-06,15,5104.850043704733
2017-08-06,16,5109.831126729026
2017-08-06,17,5114.812209754251
2017-08-06,18,5120.447042047046
2017-08-06,19,5125.428125072271
2017-08-06,20,5130.409208096564
2017-08-06,21,5135.390291121788
2017-08-06,22,5140.3713741460815
2017-08-06,23,5145.352457171306
2017-08-06,24,5150.9872894650325
2017-08-07,1,4997.767074026167
2017-08-07,2,5002.748157051392
2017-08-07,3,5007.729240075685
2017-08-07,4,5012.710323099978
2017-08-07,5,5017.691406125203
2017-08-07,6,5020.711241342127
2017-08-07,7,5025.692324367352
2017-08-07,8,5030.673407391645
2017-08-07,9,5035.6544904168695
2017-08-07,10,5040.635573441163
2017-08-07,11,5045.616656466387
2017-08-07,12,5051.251488760114
2017-08-07,13,5056.232571785338
2017-08-07,14,5061.213654809631
2017-08-07,15,5066.194737834856
2017-08-07,16,5071.175820859149
2017-08-07,17,5076.156903884374
2017-08-07,18,5081.791736177169
2017-08-07,19,5086.772819202393
2017-08-07,20,5091.7539022266865
2017-08-07,21,5096.734985251911
2017-08-07,22,5101.716068276204
2017-08-07,23,5106.697151301429
2017-08-07,24,5112.331983595155
2017-08-08,1,4914.620874641463
2017-08-08,2,4919.601957665756
2017-08-08,3,4924.583040690981
2017-08-08,4,4929.564123715274
2017-08-08,5,4934.545206739567
2017-08-08,6,4937.565041957423
2017-08-08,7,4942.546124981716
2017-08-08,8,4947.527208006941
2017-08-08,9,4952.508291031234
2017-08-08,10,4957.4893740564585
2017-08-08,11,4962.470457080752
2017-08-08,12,4968.1052893754095
2017-08-08,13,4973.086372399703
2017-08-08,14,4978.067455424927
2017-08-08,15,4983.04853844922
2017-08-08,16,4988.029621474445
2017-08-08,17,4993.010704498738
2017-08-08,18,4998.645536792465
2017-08-08,19,5003.626619816758
2017-08-08,20,5008.607702841982
2017-08-08,21,5013.588785866275
2017-08-08,22,5018.5698688915
2017-08-08,23,5023.550951915793
2017-08-08,24,5029.185784210451
2017-08-09,1,4718.533306838945
2017-08-09,2,4723.514389863238
2017-08-09,3,4728.495472888462
2017-08-09,4,4733.476555912755
2017-08-09,5,4738.45763893798
2017-08-09,6,4741.4774741549045
2017-08-09,7,4746.458557180129
2017-08-09,8,4751.439640204422
2017-08-09,9,4756.420723229647
2017-08-09,10,4761.40180625394
2017-08-09,11,4766.382889278233
2017-08-09,12,4772.017721572891
2017-08-09,13,4776.998804597184
2017-08-09,14,4781.979887622409
2017-08-09,15,4786.960970646702
2017-08-09,16,4791.942053671926
2017-08-09,17,4796.923136696219
2017-08-09,18,4802.557968989946
2017-08-09,19,4807.539052014239
2017-08-09,20,4812.520135039464
2017-08-09,21,4817.501218063757
2017-08-09,22,4822.482301088981
2017-08-09,23,4827.4633841132745
2017-08-09,24,4833.098216407932
2017-08-10,1,4625.343573350459
2017-08-10,2,4630.324656375684
2017-08-10,3,4635.305739399977
2017-08-10,4,4640.2868224252015
2017-08-10,5,4645.267905449495
2017-08-10,6,4648.287740667351
2017-08-10,7,4653.268823691644
2017-08-10,8,4658.249906716868
2017-08-10,9,4663.2309897411615
2017-08-10,10,4668.212072766386
2017-08-10,11,4673.193155790679
2017-08-10,12,4678.827988085337
2017-08-10,13,4683.80907110963
2017-08-10,14,4688.790154134855
2017-08-10,15,4693.771237159148
2017-08-10,16,4698.752320184372
2017-08-10,17,4703.733403208666
2017-08-10,18,4709.368235502392
2017-08-10,19,4714.349318526685
2017-08-10,20,4719.33040155191
2017-08-10,21,4724.311484576203
2017-08-10,22,4729.292567600496
2017-08-10,23,4734.273650625721
2017-08-10,24,4739.908482919447
2017-08-11,1,4742.871681950055
2017-08-11,2,4747.852764974348
2017-08-11,3,4752.833847999573
2017-08-11,4,4757.814931023866
2017-08-11,5,4762.79601404909
2017-08-11,6,4765.815849266015
2017-08-11,7,4770.7969322912395
2017-08-11,8,4775.778015315533
2017-08-11,9,4780.759098340757
2017-08-11,10,4785.74018136505
2017-08-11,11,4790.721264390275
2017-08-11,12,4796.356096684001
2017-08-11,13,4801.337179709226
2017-08-11,14,4806.318262733519
2017-08-11,15,4811.299345758744
2017-08-11,16,4816.280428783037
2017-08-11,17,4821.261511808261
2017-08-11,18,4826.8963441010565
2017-08-11,19,4831.877427126281
2017-08-11,20,4836.858510150574
2017-08-11,21,4841.839593174867
2017-08-11,22,4846.820676200092
2017-08-11,23,4851.801759224385
2017-08-11,24,4857.436591519043
2017-08-12,1,4880.3462446872145
2017-08-12,2,4885.327327712439
2017-08-12,3,4890.308410736732
2017-08-12,4,4895.289493761957
2017-08-12,5,4900.27057678625
2017-08-12,6,4903.290412004106
2017-08-12,7,4908.271495028399
2017-08-12,8,4913.252578053623
2017-08-12,9,4918.233661077917
2017-08-12,10,4923.214744103141
2017-08-12,11,4928.195827127434
2017-08-12,12,4933.830659422092
2017-08-12,13,4938.811742446385
2017-08-12,14,4943.79282547161
2017-08-12,15,4948.773908495903
2017-08-12,16,4953.754991520196
2017-08-12,17,4958.736074545421
2017-08-12,18,4964.370906838216
2017-08-12,19,4969.35198986344
2017-08-12,20,4974.333072887734
2017-08-12,21,4979.314155912958
2017-08-12,22,4984.295238937251
2017-08-12,23,4989.276321962476
2017-08-12,24,4994.911154256202
2017-08-13,1,4966.776131649502
2017-08-13,2,4971.757214673795
2017-08-13,3,4976.738297699019
2017-08-13,4,4981.7193807233125
2017-08-13,5,4986.700463748537
2017-08-13,6,4989.720298965462
2017-08-13,7,4994.701381990686
2017-08-13,8,4999.682465014979
2017-08-13,9,5004.663548040204
2017-08-13,10,5009.644631064497
2017-08-13,11,5014.625714089721
2017-08-13,12,5020.260546383448
2017-08-13,13,5025.241629407741
2017-08-13,14,5030.222712432966
2017-08-13,15,5035.203795457259
2017-08-13,16,5040.184878482483
2017-08-13,17,5045.1659615067765
2017-08-13,18,5050.800793800503
2017-08-13,19,5055.781876824796
2017-08-13,20,5060.762959850021
2017-08-13,21,5065.744042874314
2017-08-13,22,5070.725125899538
2017-08-13,23,5075.706208923832
2017-08-13,24,5081.341041218489
2017-08-14,1,5054.667726786807
2017-08-14,2,5059.6488098111
2017-08-14,3,5064.629892836325
2017-08-14,4,5069.610975860618
2017-08-14,5,5074.592058884911
2017-08-14,6,5077.611894102767
2017-08-14,7,5082.59297712706
2017-08-14,8,5087.574060152285
2017-08-14,9,5092.555143176578
2017-08-14,10,5097.5362262018025
2017-08-14,11,5102.517309226096
2017-08-14,12,5108.1521415207535
2017-08-14,13,5113.133224545047
2017-08-14,14,5118.114307570271
2017-08-14,15,5123.095390594564
2017-08-14,16,5128.076473619789
2017-08-14,17,5133.057556644082
2017-08-14,18,5138.692388937809
2017-08-14,19,5143.673471962102
2017-08-14,20,5148.654554987326
2017-08-14,21,5153.635638011619
2017-08-14,22,5158.616721036844
2017-08-14,23,5163.597804061137
2017-08-14,24,5169.232636355795
2017-08-15,1,5124.2005467470735
2017-08-15,2,5129.181629772298
2017-08-15,3,5134.162712796591
2017-08-15,4,5139.143795821816
2017-08-15,5,5144.124878846109
2017-08-15,6,5147.1447140630335
2017-08-15,7,5152.125797088258
2017-08-15,8,5157.106880112551
2017-08-15,9,5162.087963137776
2017-08-15,10,5167.069046162069
2017-08-15,11,5172.050129187293
2017-08-15,12,5177.68496148102
2017-08-15,13,5182.666044506244
2017-08-15,14,5187.647127530538
2017-08-15,15,5192.628210555762
2017-08-15,16,5197.609293580055
2017-08-15,17,5202.59037660528
2017-08-15,18,5208.225208898075
2017-08-15,19,5213.206291923299
2017-08-15,20,5218.187374947593
2017-08-15,21,5223.168457972817
2017-08-15,22,5228.14954099711
2017-08-15,23,5233.130624022335
2017-08-15,24,5238.765456316061
2017-08-16,1,5097.490847860463
2017-08-16,2,5102.4719308856875
2017-08-16,3,5107.453013909981
2017-08-16,4,5112.434096935205
2017-08-16,5,5117.415179959498
2017-08-16,6,5120.435015177354
2017-08-16,7,5125.416098201647
2017-08-16,8,5130.397181226872
2017-08-16,9,5135.378264251165
2017-08-16,10,5140.35934727639
2017-08-16,11,5145.340430300683
2017-08-16,12,5150.975262595341
2017-08-16,13,5155.956345619634
2017-08-16,14,5160.937428644858
2017-08-16,15,5165.9185116691515
2017-08-16,16,5170.899594694376
2017-08-16,17,5175.880677718669
2017-08-16,18,5181.515510011464
2017-08-16,19,5186.496593036689
2017-08-16,20,5191.477676060982
2017-08-16,21,5196.458759086207
2017-08-16,22,5201.4398421105
2017-08-16,23,5206.420925135724
2017-08-16,24,5212.055757429451
2017-08-17,1,5143.572818561457
2017-08-17,2,5148.553901586682
2017-08-17,3,5153.534984610975
2017-08-17,4,5158.516067636199
2017-08-17,5,5163.4971506604925
2017-08-17,6,5166.516985878348
2017-08-17,7,5171.4980689026415
2017-08-17,8,5176.479151927866
2017-08-17,9,5181.460234952159
2017-08-17,10,5186.441317977384
2017-08-17,11,5191.422401001677
2017-08-17,12,5197.057233296335
2017-08-17,13,5202.038316320628
2017-08-17,14,5207.019399344921
2017-08-17,15,5212.000482370146
2017-08-17,16,5216.981565394439
2017-08-17,17,5221.962648419663
2017-08-17,18,5227.5974807124585
2017-08-17,19,5232.578563737683
2017-08-17,20,5237.559646761976
2017-08-17,21,5242.540729787201
2017-08-17,22,5247.521812811494
2017-08-17,23,5252.502895836718
2017-08-17,24,5258.137728130445
2017-08-18,1,5168.701634932309
2017-08-18,2,5173.682717956603
2017-08-18,3,5178.663800981827
2017-08-18,4,5183.64488400612
2017-08-18,5,5188.625967031345
2017-08-18,6,5191.645802248269
2017-08-18,7,5196.626885273494
2017-08-18,8,5201.607968297787
2017-08-18,9,5206.58905132208
2017-08-18,10,5211.570134347305
2017-08-18,11,5216.551217371598
2017-08-18,12,5222.186049666256
2017-08-18,13,5227.167132690549
2017-08-18,14,5232.148215715773
2017-08-18,15,5237.129298740067
2017-08-18,16,5242.110381765291
2017-08-18,17,5247.091464789584
2017-08-18,18,5252.726297083311
2017-08-18,19,5257.707380107604
2017-08-18,20,5262.6884631328285
2017-08-18,21,5267.669546157122
2017-08-18,22,5272.650629182346
2017-08-18,23,5277.631712206639
2017-08-18,24,5283.266544501297
2017-08-19,1,5122.611817395315
2017-08-19,2,5127.592900420539
2017-08-19,3,5132.573983444832
2017-08-19,4,5137.555066470057
2017-08-19,5,5142.53614949435
2017-08-19,6,5145.555984712206
2017-08-19,7,5150.537067736499
2017-08-19,8,5155.5181507617235
2017-08-19,9,5160.499233786017
2017-08-19,10,5165.480316811241
2017-08-19,11,5170.461399835534
2017-08-19,12,5176.096232130192
2017-08-19,13,5181.077315154485
2017-08-19,14,5186.05839817971
2017-08-19,15,5191.039481204003
2017-08-19,16,5196.020564229228
2017-08-19,17,5201.001647253521
2017-08-19,18,5206.636479547247
2017-08-19,19,5211.6175625715405
2017-08-19,20,5216.598645595834
2017-08-19,21,5221.579728621058
2017-08-19,22,5226.560811645351
2017-08-19,23,5231.541894670576
2017-08-19,24,5237.176726964302
2017-08-20,1,5157.2031890992075
2017-08-20,2,5162.184272123501
2017-08-20,3,5167.165355148725
2017-08-20,4,5172.146438173018
2017-08-20,5,5177.127521198243
2017-08-20,6,5180.147356415167
2017-08-20,7,5185.128439440392
2017-08-20,8,5190.109522464685
2017-08-20,9,5195.090605488978
2017-08-20,10,5200.071688514203
2017-08-20,11,5205.052771538496
2017-08-20,12,5210.687603833154
2017-08-20,13,5215.668686857447
2017-08-20,14,5220.6497698826715
2017-08-20,15,5225.630852906965
2017-08-20,16,5230.611935932189
2017-08-20,17,5235.593018956482
2017-08-20,18,5241.227851250209
2017-08-20,19,5246.208934274502
2017-08-20,20,5251.190017299727
2017-08-20,21,5256.17110032402
2017-08-20,22,5261.152183349244
2017-08-20,23,5266.1332663735375
2017-08-20,24,5271.768098668195
2017-08-21,1,5182.3320054691285
2017-08-21,2,5187.313088494353
2017-08-21,3,5192.294171518646
2017-08-21,4,5197.275254542939
2017-08-21,5,5202.256337568164
2017-08-21,6,5205.276172785088
2017-08-21,7,5210.257255810313
2017-08-21,8,5215.238338834606
2017-08-21,9,5220.219421859831
2017-08-21,10,5225.200504884124
2017-08-21,11,5230.181587909348
2017-08-21,12,5235.816420203075
2017-08-21,13,5240.797503228299
2017-08-21,14,5245.7785862525925
2017-08-21,15,5250.759669277817
2017-08-21,16,5255.74075230211
2017-08-21,17,5260.721835327335
2017-08-21,18,5266.35666762013
2017-08-21,19,5271.337750645354
2017-08-21,20,5276.318833669648
2017-08-21,21,5281.299916694872
2017-08-21,22,5286.280999719165
2017-08-21,23,5291.26208274439
2017-08-21,24,5296.896915038116
2017-08-22,1,5279.245791235939
2017-08-22,2,5284.226874260232
2017-08-22,3,5289.207957284525
2017-08-22,4,5294.1890403097495
2017-08-22,5,5299.170123334043
2017-08-22,6,5302.189958551899
2017-08-22,7,5307.171041576192
2017-08-22,8,5312.152124601416
2017-08-22,9,5317.1332076257095
2017-08-22,10,5322.114290650934
2017-08-22,11,5327.095373675227
2017-08-22,12,5332.730205969885
2017-08-22,13,5337.711288994178
2017-08-22,14,5342.692372019403
2017-08-22,15,5347.673455043696
2017-08-22,16,5352.65453806892
2017-08-22,17,5357.635621093214
2017-08-22,18,5363.27045338694
2017-08-22,19,5368.251536411233
2017-08-22,20,5373.232619436458
2017-08-22,21,5378.213702460751
2017-08-22,22,5383.194785485975
2017-08-22,23,5388.175868510269
2017-08-22,24,5393.8107008049265
2017-08-23,1,5272.482546486892
2017-08-23,2,5277.463629511185
2017-08-23,3,5282.4447125364095
2017-08-23,4,5287.425795560703
2017-08-23,5,5292.406878585927
2017-08-23,6,5295.426713802852
2017-08-23,7,5300.407796828076
2017-08-23,8,5305.388879852369
2017-08-23,9,5310.369962876663
2017-08-23,10,5315.351045901887
2017-08-23,11,5320.33212892618
2017-08-23,12,5325.966961220838
2017-08-23,13,5330.948044245131
2017-08-23,14,5335.929127270356
2017-08-23,15,5340.910210294649
2017-08-23,16,5345.8912933198735
2017-08-23,17,5350.872376344167
2017-08-23,18,5356.507208637893
2017-08-23,19,5361.488291662186
2017-08-23,20,5366.469374687411
2017-08-23,21,5371.450457711704
2017-08-23,22,5376.431540736929
2017-08-23,23,5381.412623761222
2017-08-23,24,5387.04745605588
2017-08-24,1,5200.473471322097
2017-08-24,2,5205.45455434639
2017-08-24,3,5210.435637371615
2017-08-24,4,5215.416720395908
2017-08-24,5,5220.397803421132
2017-08-24,6,5223.417638638057
2017-08-24,7,5228.398721663281
2017-08-24,8,5233.3798046875745
2017-08-24,9,5238.360887712799
2017-08-24,10,5243.341970737092
2017-08-24,11,5248.323053762317
2017-08-24,12,5253.957886056043
2017-08-24,13,5258.938969081268
2017-08-24,14,5263.920052105561
2017-08-24,15,5268.901135129854
2017-08-24,16,5273.882218155079
2017-08-24,17,5278.863301179372
2017-08-24,18,5284.498133473098
2017-08-24,19,5289.4792164973915
2017-08-24,20,5294.460299522616
2017-08-24,21,5299.441382546909
2017-08-24,22,5304.422465572134
2017-08-24,23,5309.403548596427
2017-08-24,24,5315.038380891085
2017-08-25,1,5178.27486774791
2017-08-25,2,5183.255950773135
2017-08-25,3,5188.237033797428
2017-08-25,4,5193.2181168226525
2017-08-25,5,5198.199199846946
2017-08-25,6,5201.219035064802
2017-08-25,7,5206.200118089095
2017-08-25,8,5211.181201114319
2017-08-25,9,5216.162284138612
2017-08-25,10,5221.143367163837
2017-08-25,11,5226.12445018813
2017-08-25,12,5231.759282482788
2017-08-25,13,5236.740365507081
2017-08-25,14,5241.721448532306
2017-08-25,15,5246.702531556599
2017-08-25,16,5251.683614581823
2017-08-25,17,5256.6646976061165
2017-08-25,18,5262.299529898912
2017-08-25,19,5267.280612924136
2017-08-25,20,5272.261695948429
2017-08-25,21,5277.242778973654
2017-08-25,22,5282.223861997947
2017-08-25,23,5287.204945023172
2017-08-25,24,5292.839777316898
2017-08-26,1,5156.870103656314
2017-08-26,2,5161.851186681539
2017-08-26,3,5166.832269705832
2017-08-26,4,5171.8133527310565
2017-08-26,5,5176.79443575535
2017-08-26,6,5179.814270973206
2017-08-26,7,5184.795353997499
2017-08-26,8,5189.776437021792
2017-08-26,9,5194.757520047016
2017-08-26,10,5199.73860307131
2017-08-26,11,5204.719686096534
2017-08-26,12,5210.354518390261
2017-08-26,13,5215.335601415485
2017-08-26,14,5220.316684439778
2017-08-26,15,5225.297767465003
2017-08-26,16,5230.278850489296
2017-08-26,17,5235.2599335145205
2017-08-26,18,5240.894765807316
2017-08-26,19,5245.87584883254
2017-08-26,20,5250.856931856833
2017-08-26,21,5255.838014882058
2017-08-26,22,5260.819097906351
2017-08-26,23,5265.800180931576
2017-08-26,24,5271.435013225302
2017-08-27,1,5136.2591790463775
2017-08-27,2,5141.240262071602
2017-08-27,3,5146.221345095895
2017-08-27,4,5151.20242812112
2017-08-27,5,5156.183511145413
2017-08-27,6,5159.203346363269
2017-08-27,7,5164.184429387562
2017-08-27,8,5169.1655124127865
2017-08-27,9,5174.14659543708
2017-08-27,10,5179.127678462304
2017-08-27,11,5184.108761486597
2017-08-27,12,5189.743593780324
2017-08-27,13,5194.724676805548
2017-08-27,14,5199.705759829842
2017-08-27,15,5204.686842855066
2017-08-27,16,5209.667925879359
2017-08-27,17,5214.649008904584
2017-08-27,18,5220.283841197379
2017-08-27,19,5225.264924222603
2017-08-27,20,5230.246007246897
2017-08-27,21,5235.227090272121
2017-08-27,22,5240.208173296414
2017-08-27,23,5245.189256321639
2017-08-27,24,5250.824088615365
2017-08-28,1,4950.442649337463
2017-08-28,2,4955.423732361756
2017-08-28,3,4960.404815386981
2017-08-28,4,4965.385898411274
2017-08-28,5,4970.3669814364985
2017-08-28,6,4973.386816653423
2017-08-28,7,4978.3678996786475
2017-08-28,8,4983.348982702941
2017-08-28,9,4988.330065728165
2017-08-28,10,4993.311148752458
2017-08-28,11,4998.292231777683
2017-08-28,12,5003.927064071409
2017-08-28,13,5008.908147096634
2017-08-28,14,5013.889230120927
2017-08-28,15,5018.870313146152
2017-08-28,16,5023.851396170445
2017-08-28,17,5028.832479195669
2017-08-28,18,5034.4673114884645
2017-08-28,19,5039.448394513689
2017-08-28,20,5044.429477537982
2017-08-28,21,5049.410560563207
2017-08-28,22,5054.3916435875
2017-08-28,23,5059.372726612724
2017-08-28,24,5065.007558906451
2017-08-29,1,4976.578165899962
2017-08-29,2,4981.559248924255
2017-08-29,3,4986.54033194948
2017-08-29,4,4991.521414973773
2017-08-29,5,4996.502497998998
2017-08-29,6,4999.522333215922
2017-08-29,7,5004.503416241147
2017-08-29,8,5009.48449926544
2017-08-29,9,5014.465582290664
2017-08-29,10,5019.4466653149575
2017-08-29,11,5024.427748340182
2017-08-29,12,5030.0625806339085
2017-08-29,13,5035.043663659133
2017-08-29,14,5040.024746683426
2017-08-29,15,5045.005829708651
2017-08-29,16,5049.986912732944
2017-08-29,17,5054.967995758168
2017-08-29,18,5060.602828050964
2017-08-29,19,5065.583911076188
2017-08-29,20,5070.564994100481
2017-08-29,21,5075.546077125706
2017-08-29,22,5080.527160149999
2017-08-29,23,5085.5082431752235
2017-08-29,24,5091.14307546895
2017-08-30,1,4986.711988150142
2017-08-30,2,4991.693071175367
2017-08-30,3,4996.67415419966
2017-08-30,4,5001.655237224884
2017-08-30,5,5006.6363202491775
2017-08-30,6,5009.656155466102
2017-08-30,7,5014.637238491327
2017-08-30,8,5019.61832151562
2017-08-30,9,5024.599404540844
2017-08-30,10,5029.580487565137
2017-08-30,11,5034.561570590362
2017-08-30,12,5040.1964028840885
2017-08-30,13,5045.177485909313
2017-08-30,14,5050.158568933606
2017-08-30,15,5055.139651958831
2017-08-30,16,5060.120734983124
2017-08-30,17,5065.101818008348
2017-08-30,18,5070.7366503011435
2017-08-30,19,5075.717733326368
2017-08-30,20,5080.698816350661
2017-08-30,21,5085.679899375886
2017-08-30,22,5090.660982400179
2017-08-30,23,5095.642065425403
2017-08-30,24,5101.27689771913
2017-08-31,1,5082.831934436224
2017-08-31,2,5087.813017461449
2017-08-31,3,5092.794100485742
2017-08-31,4,5097.775183510967
2017-08-31,5,5102.75626653526
2017-08-31,6,5105.776101753116
2017-08-31,7,5110.757184777409
2017-08-31,8,5115.738267802633
2017-08-31,9,5120.7193508269265
2017-08-31,10,5125.700433852151
2017-08-31,11,5130.681516876444
2017-08-31,12,5136.316349171102
2017-08-31,13,5141.297432195395
2017-08-31,14,5146.27851522062
2017-08-31,15,5151.259598244913
2017-08-31,16,5156.240681269206
2017-08-31,17,5161.221764294431
2017-08-31,18,5166.856596587226
2017-08-31,19,5171.83767961245
2017-08-31,20,5176.8187626367435
2017-08-31,21,5181.799845661968
2017-08-31,22,5186.780928686261
2017-08-31,23,5191.762011711486
2017-08-31,24,5197.396844005212
2017-09-01,1,4818.7896753055975
2017-09-01,2,4823.770758329891
2017-09-01,3,4828.751841355115
2017-09-01,4,4833.732924379408
2017-09-01,5,4838.714007404633
2017-09-01,6,4841.733842621557
2017-09-01,7,4846.714925646782
2017-09-01,8,4851.696008671075
2017-09-01,9,4856.6770916963
2017-09-01,10,4861.658174720593
2017-09-01,11,4866.639257745817
2017-09-01,12,4872.274090039544
2017-09-01,13,4877.255173063837
2017-09-01,14,4882.2362560890615
2017-09-01,15,4887.217339113355
2017-09-01,16,4892.198422138579
2017-09-01,17,4897.179505162872
2017-09-01,18,4902.814337456599
2017-09-01,19,4907.795420480892
2017-09-01,20,4912.776503506117
2017-09-01,21,4917.75758653041
2017-09-01,22,4922.738669555634
2017-09-01,23,4927.719752579927
2017-09-01,24,4933.354584874585
2017-09-02,1,4766.160718789324
2017-09-02,2,4771.141801814549
2017-09-02,3,4776.122884838842
2017-09-02,4,4781.103967864066
2017-09-02,5,4786.08505088836
2017-09-02,6,4789.104886106215
2017-09-02,7,4794.085969130509
2017-09-02,8,4799.067052155733
2017-09-02,9,4804.048135180026
2017-09-02,10,4809.029218205251
2017-09-02,11,4814.010301229544
2017-09-02,12,4819.645133524202
2017-09-02,13,4824.626216548495
2017-09-02,14,4829.6072995737195
2017-09-02,15,4834.588382598013
2017-09-02,16,4839.569465623237
2017-09-02,17,4844.55054864753
2017-09-02,18,4850.185380940326
2017-09-02,19,4855.16646396555
2017-09-02,20,4860.147546989843
2017-09-02,21,4865.128630015068
2017-09-02,22,4870.109713039361
2017-09-02,23,4875.090796064585
2017-09-02,24,4880.725628358312
2017-09-03,1,4878.950228082947
2017-09-03,2,4883.931311107241
2017-09-03,3,4888.912394132465
2017-09-03,4,4893.893477156758
2017-09-03,5,4898.874560181983
2017-09-03,6,4901.894395398907
2017-09-03,7,4906.875478424132
2017-09-03,8,4911.856561448425
2017-09-03,9,4916.837644472718
2017-09-03,10,4921.818727497943
2017-09-03,11,4926.799810522236
2017-09-03,12,4932.434642816894
2017-09-03,13,4937.415725841187
2017-09-03,14,4942.396808866411
2017-09-03,15,4947.377891890705
2017-09-03,16,4952.358974915929
2017-09-03,17,4957.340057940222
2017-09-03,18,4962.974890233949
2017-09-03,19,4967.955973258242
2017-09-03,20,4972.9370562834665
2017-09-03,21,4977.91813930776
2017-09-03,22,4982.899222332984
2017-09-03,23,4987.880305357277
2017-09-03,24,4993.515137651935
2017-09-04,1,4976.88535732124
2017-09-04,2,4981.8664403464645
2017-09-04,3,4986.847523370758
2017-09-04,4,4991.828606395982
2017-09-04,5,4996.809689420275
2017-09-04,6,4999.829524638131
2017-09-04,7,5004.810607662424
2017-09-04,8,5009.791690687649
2017-09-04,9,5014.772773711942
2017-09-04,10,5019.753856737167
2017-09-04,11,5024.73493976146
2017-09-04,12,5030.369772056118
2017-09-04,13,5035.350855080411
2017-09-04,14,5040.331938105635
2017-09-04,15,5045.3130211299285
2017-09-04,16,5050.294104154222
2017-09-04,17,5055.275187179446
2017-09-04,18,5060.910019472241
2017-09-04,19,5065.891102497466
2017-09-04,20,5070.872185521759
2017-09-04,21,5075.853268546984
2017-09-04,22,5080.834351571277
2017-09-04,23,5085.815434596501
2017-09-04,24,5091.450266890228
2017-09-05,1,4995.020026728511
2017-09-05,2,5000.001109752804
2017-09-05,3,5004.982192778029
2017-09-05,4,5009.963275802322
2017-09-05,5,5014.944358827546
2017-09-05,6,5017.964194044471
2017-09-05,7,5022.945277069695
2017-09-05,8,5027.9263600939885
2017-09-05,9,5032.907443119213
2017-09-05,10,5037.888526143506
2017-09-05,11,5042.869609168731
2017-09-05,12,5048.504441462457
2017-09-05,13,5053.485524487682
2017-09-05,14,5058.466607511975
2017-09-05,15,5063.447690537199
2017-09-05,16,5068.428773561493
2017-09-05,17,5073.409856585786
2017-09-05,18,5079.044688879512
2017-09-05,19,5084.025771903805
2017-09-05,20,5089.00685492903
2017-09-05,21,5093.987937953323
2017-09-05,22,5098.969020978548
2017-09-05,23,5103.950104002841
2017-09-05,24,5109.584936297499
2017-09-06,1,5053.275108403526
2017-09-06,2,5058.256191427819
2017-09-06,3,5063.237274453044
2017-09-06,4,5068.218357477337
2017-09-06,5,5073.199440502562
2017-09-06,6,5076.219275719486
2017-09-06,7,5081.200358744711
2017-09-06,8,5086.181441769004
2017-09-06,9,5091.162524794228
2017-09-06,10,5096.143607818522
2017-09-06,11,5101.124690843746
2017-09-06,12,5106.759523137473
2017-09-06,13,5111.740606162697
2017-09-06,14,5116.72168918699
2017-09-06,15,5121.702772212215
2017-09-06,16,5126.683855236508
2017-09-06,17,5131.6649382617325
2017-09-06,18,5137.299770554528
2017-09-06,19,5142.280853579752
2017-09-06,20,5147.261936604045
2017-09-06,21,5152.24301962927
2017-09-06,22,5157.224102653563
2017-09-06,23,5162.2051856787875
2017-09-06,24,5167.840017972514
2017-09-07,1,4994.005479700863
2017-09-07,2,4998.986562725157
2017-09-07,3,5003.967645750381
2017-09-07,4,5008.948728774674
2017-09-07,5,5013.929811799899
2017-09-07,6,5016.949647016823
2017-09-07,7,5021.930730042048
2017-09-07,8,5026.911813066341
2017-09-07,9,5031.8928960915655
2017-09-07,10,5036.873979115859
2017-09-07,11,5041.855062141083
2017-09-07,12,5047.48989443481
2017-09-07,13,5052.470977460034
2017-09-07,14,5057.452060484327
2017-09-07,15,5062.433143509552
2017-09-07,16,5067.414226533845
2017-09-07,17,5072.39530955907
2017-09-07,18,5078.030141851865
2017-09-07,19,5083.011224876158
2017-09-07,20,5087.992307901382
2017-09-07,21,5092.973390925676
2017-09-07,22,5097.9544739509
2017-09-07,23,5102.935556975193
2017-09-07,24,5108.570389269851
2017-09-08,1,4968.757488989271
2017-09-08,2,4973.738572014496
2017-09-08,3,4978.719655038789
2017-09-08,4,4983.700738064013
2017-09-08,5,4988.681821088307
2017-09-08,6,4991.7016563061625
2017-09-08,7,4996.682739330456
2017-09-08,8,5001.66382235568
2017-09-08,9,5006.644905379973
2017-09-08,10,5011.625988405198
2017-09-08,11,5016.607071429491
2017-09-08,12,5022.241903724149
2017-09-08,13,5027.222986748442
2017-09-08,14,5032.204069773667
2017-09-08,15,5037.18515279796
2017-09-08,16,5042.166235823184
2017-09-08,17,5047.147318847477
2017-09-08,18,5052.782151141204
2017-09-08,19,5057.763234165497
2017-09-08,20,5062.744317190722
2017-09-08,21,5067.725400215015
2017-09-08,22,5072.706483240239
2017-09-08,23,5077.6875662645325
2017-09-08,24,5083.322398558259
2017-09-09,1,4889.667376935482
2017-09-09,2,4894.648459959775
2017-09-09,3,4899.629542984068
2017-09-09,4,4904.610626009293
2017-09-09,5,4909.591709033586
2017-09-09,6,4912.611544251442
2017-09-09,7,4917.592627275735
2017-09-09,8,4922.57371030096
2017-09-09,9,4927.554793325253
2017-09-09,10,4932.535876350477
2017-09-09,11,4937.5169593747705
2017-09-09,12,4943.151791669428
2017-09-09,13,4948.1328746937215
2017-09-09,14,4953.113957718946
2017-09-09,15,4958.095040743239
2017-09-09,16,4963.076123768464
2017-09-09,17,4968.057206792757
2017-09-09,18,4973.692039086483
2017-09-09,19,4978.673122110777
2017-09-09,20,4983.654205136001
2017-09-09,21,4988.635288160294
2017-09-09,22,4993.616371185519
2017-09-09,23,4998.597454209812
2017-09-09,24,5004.23228650447
2017-09-10,1,4767.281494688243
2017-09-10,2,4772.262577712536
2017-09-10,3,4777.24366073776
2017-09-10,4,4782.224743762054
2017-09-10,5,4787.205826787278
2017-09-10,6,4790.225662004203
2017-09-10,7,4795.206745029427
2017-09-10,8,4800.18782805372
2017-09-10,9,4805.168911078945
2017-09-10,10,4810.149994103238
2017-09-10,11,4815.1310771284625
2017-09-10,12,4820.765909422189
2017-09-10,13,4825.7469924474135
2017-09-10,14,4830.728075471707
2017-09-10,15,4835.709158496931
2017-09-10,16,4840.690241521224
2017-09-10,17,4845.671324546449
2017-09-10,18,4851.306156839244
2017-09-10,19,4856.287239863537
2017-09-10,20,4861.268322888762
2017-09-10,21,4866.249405913055
2017-09-10,22,4871.230488938279
2017-09-10,23,4876.211571962573
2017-09-10,24,4881.8464042572305
2017-09-11,1,4955.0068937223405
2017-09-11,2,4959.987976746634
2017-09-11,3,4964.969059771858
2017-09-11,4,4969.950142796151
2017-09-11,5,4974.931225821376
2017-09-11,6,4977.9510610383
2017-09-11,7,4982.932144063525
2017-09-11,8,4987.913227087818
2017-09-11,9,4992.894310113043
2017-09-11,10,4997.875393137336
2017-09-11,11,5002.85647616256
2017-09-11,12,5008.491308456287
2017-09-11,13,5013.472391481511
2017-09-11,14,5018.4534745058045
2017-09-11,15,5023.434557531029
2017-09-11,16,5028.415640555322
2017-09-11,17,5033.396723580547
2017-09-11,18,5039.031555873342
2017-09-11,19,5044.012638898566
2017-09-11,20,5048.99372192286
2017-09-11,21,5053.974804947153
2017-09-11,22,5058.955887972377
2017-09-11,23,5063.93697099667
2017-09-11,24,5069.571803291328
2017-09-12,1,5001.669843192212
2017-09-12,2,5006.6509262165055
2017-09-12,3,5011.63200924173
2017-09-12,4,5016.613092266023
2017-09-12,5,5021.594175291248
2017-09-12,6,5024.614010508172
2017-09-12,7,5029.595093533397
2017-09-12,8,5034.57617655769
2017-09-12,9,5039.557259582914
2017-09-12,10,5044.538342607208
2017-09-12,11,5049.519425632432
2017-09-12,12,5055.154257926159
2017-09-12,13,5060.135340950452
2017-09-12,14,5065.116423975676
2017-09-12,15,5070.0975069999695
2017-09-12,16,5075.078590025194
2017-09-12,17,5080.059673049487
2017-09-12,18,5085.694505343214
2017-09-12,19,5090.675588367507
2017-09-12,20,5095.656671392731
2017-09-12,21,5100.637754417025
2017-09-12,22,5105.618837442249
2017-09-12,23,5110.599920466542
2017-09-12,24,5116.2347527612
2017-09-13,1,5013.265373619273
2017-09-13,2,5018.246456644498
2017-09-13,3,5023.227539668791
2017-09-13,4,5028.2086226940155
2017-09-13,5,5033.189705718309
2017-09-13,6,5036.209540936165
2017-09-13,7,5041.190623960458
2017-09-13,8,5046.171706985682
2017-09-13,9,5051.152790009975
2017-09-13,10,5056.133873034269
2017-09-13,11,5061.114956059493
2017-09-13,12,5066.74978835322
2017-09-13,13,5071.730871378444
2017-09-13,14,5076.711954402737
2017-09-13,15,5081.693037427962
2017-09-13,16,5086.674120452255
2017-09-13,17,5091.6552034774795
2017-09-13,18,5097.290035770275
2017-09-13,19,5102.271118795499
2017-09-13,20,5107.252201819792
2017-09-13,21,5112.233284845017
2017-09-13,22,5117.21436786931
2017-09-13,23,5122.195450894535
2017-09-13,24,5127.830283188261
2017-09-14,1,5026.44858300779
2017-09-14,2,5031.429666033015
2017-09-14,3,5036.410749057308
2017-09-14,4,5041.391832082532
2017-09-14,5,5046.3729151068255
2017-09-14,6,5049.392750324681
2017-09-14,7,5054.373833348975
2017-09-14,8,5059.354916374199
2017-09-14,9,5064.335999398492
2017-09-14,10,5069.3170824227855
2017-09-14,11,5074.29816544801
2017-09-14,12,5079.9329977417365
2017-09-14,13,5084.914080766961
2017-09-14,14,5089.895163791254
2017-09-14,15,5094.876246816479
2017-09-14,16,5099.857329840772
2017-09-14,17,5104.838412865996
2017-09-14,18,5110.4732451587915
2017-09-14,19,5115.454328184016
2017-09-14,20,5120.435411208309
2017-09-14,21,5125.416494233534
2017-09-14,22,5130.397577257827
2017-09-14,23,5135.378660283051
2017-09-14,24,5141.013492576778
2017-09-15,1,5044.142887710594
2017-09-15,2,5049.123970735818
2017-09-15,3,5054.105053760111
2017-09-15,4,5059.086136785336
2017-09-15,5,5064.067219809629
2017-09-15,6,5067.087055027485
2017-09-15,7,5072.068138051778
2017-09-15,8,5077.049221077003
2017-09-15,9,5082.030304101296
2017-09-15,10,5087.01138712652
2017-09-15,11,5091.9924701508135
2017-09-15,12,5097.627302445471
2017-09-15,13,5102.6083854697645
2017-09-15,14,5107.589468494989
2017-09-15,15,5112.570551519282
2017-09-15,16,5117.551634544507
2017-09-15,17,5122.5327175688
2017-09-15,18,5128.167549862526
2017-09-15,19,5133.1486328868195
2017-09-15,20,5138.129715912044
2017-09-15,21,5143.110798936337
2017-09-15,22,5148.091881961562
2017-09-15,23,5153.072964985855
2017-09-15,24,5158.707797280513
2017-09-16,1,4831.739231679589
2017-09-16,2,4727.070480696857
2017-09-16,3,4732.05156372115
2017-09-16,4,4737.032646746375
2017-09-16,5,4742.013729770668
2017-09-16,6,4745.033564988524
2017-09-16,7,4750.014648012817
2017-09-16,8,4754.995731038041
2017-09-16,9,4759.976814062335
2017-09-16,10,4764.957897087559
2017-09-16,11,4769.938980111852
2017-09-16,12,4775.57381240651
2017-09-16,13,4780.554895430803
2017-09-16,14,4785.535978456028
2017-09-16,15,4790.517061480321
2017-09-16,16,4795.4981445055455
2017-09-16,17,4800.479227529839
2017-09-16,18,4806.114059823565
2017-09-16,19,4811.095142847858
2017-09-16,20,4816.076225873083
2017-09-16,21,4821.057308897376
2017-09-16,22,4826.038391922601
2017-09-16,23,4831.019474946894
2017-09-16,24,4836.654307241552
2017-09-17,1,4761.859733385034
2017-09-17,2,4766.840816410258
2017-09-17,3,4771.821899434552
2017-09-17,4,4776.802982459776
2017-09-17,5,4781.784065484069
2017-09-17,6,4784.803900701925
2017-09-17,7,4789.784983726218
2017-09-17,8,4794.766066751443
2017-09-17,9,4799.747149775736
2017-09-17,10,4804.728232800029
2017-09-17,11,4809.709315825254
2017-09-17,12,4815.34414811898
2017-09-17,13,4820.325231144205
2017-09-17,14,4825.306314168498
2017-09-17,15,4830.287397193722
2017-09-17,16,4835.268480218016
2017-09-17,17,4840.24956324324
2017-09-17,18,4845.884395536035
2017-09-17,19,4850.86547856126
2017-09-17,20,4855.846561585553
2017-09-17,21,4860.8276446107775
2017-09-17,22,4865.808727635071
2017-09-17,23,4870.789810660295
2017-09-17,24,4876.424642954022
2017-09-18,1,4849.310963818803
2017-09-18,2,4854.292046843097
2017-09-18,3,4859.273129868321
2017-09-18,4,4864.254212892614
2017-09-18,5,4869.235295917839
2017-09-18,6,4872.255131134763
2017-09-18,7,4877.236214159988
2017-09-18,8,4882.217297184281
2017-09-18,9,4887.198380209506
2017-09-18,10,4892.179463233799
2017-09-18,11,4897.160546259023
2017-09-18,12,4902.79537855275
2017-09-18,13,4907.776461577974
2017-09-18,14,4912.757544602267
2017-09-18,15,4917.738627627492
2017-09-18,16,4922.719710651785
2017-09-18,17,4927.700793676078
2017-09-18,18,4933.335625969805
2017-09-18,19,4938.316708994098
2017-09-18,20,4943.2977920193225
2017-09-18,21,4948.278875043616
2017-09-18,22,4953.25995806884
2017-09-18,23,4958.241041093133
2017-09-18,24,4963.875873387791
2017-09-19,1,4867.445633225143
2017-09-19,2,4872.4267162503675
2017-09-19,3,4877.407799274661
2017-09-19,4,4882.388882299885
2017-09-19,5,4887.369965324178
2017-09-19,6,4890.389800542034
2017-09-19,7,4895.370883566327
2017-09-19,8,4900.351966591552
2017-09-19,9,4905.333049615845
2017-09-19,10,4910.31413264107
2017-09-19,11,4915.295215665363
2017-09-19,12,4920.930047960021
2017-09-19,13,4925.911130984314
2017-09-19,14,4930.892214009538
2017-09-19,15,4935.8732970338315
2017-09-19,16,4940.854380059056
2017-09-19,17,4945.835463083349
2017-09-19,18,4951.470295377076
2017-09-19,19,4956.451378401369
2017-09-19,20,4961.432461425662
2017-09-19,21,4966.413544450887
2017-09-19,22,4971.39462747518
2017-09-19,23,4976.375710500404
2017-09-19,24,4982.010542794131
2017-09-20,1,4969.538383002393
2017-09-20,2,4974.519466027617
2017-09-20,3,4979.500549051911
2017-09-20,4,4984.481632077135
2017-09-20,5,4989.462715101428
2017-09-20,6,4992.482550319284
2017-09-20,7,4997.463633343577
2017-09-20,8,5002.444716368802
2017-09-20,9,5007.425799393095
2017-09-20,10,5012.40688241832
2017-09-20,11,5017.387965442613
2017-09-20,12,5023.022797737271
2017-09-20,13,5028.003880761564
2017-09-20,14,5032.984963785857
2017-09-20,15,5037.9660468110815
2017-09-20,16,5042.947129835375
2017-09-20,17,5047.928212860599
2017-09-20,18,5053.563045153394
2017-09-20,19,5058.544128178619
2017-09-20,20,5063.525211202912
2017-09-20,21,5068.5062942281365
2017-09-20,22,5073.48737725243
2017-09-20,23,5078.468460277654
2017-09-20,24,5084.103292571381
2017-09-21,1,5030.049012334086
2017-09-21,2,5035.0300953593105
2017-09-21,3,5040.011178383604
2017-09-21,4,5044.992261408828
2017-09-21,5,5049.973344433121
2017-09-21,6,5052.993179650977
2017-09-21,7,5057.97426267527
2017-09-21,8,5062.955345699564
2017-09-21,9,5067.936428724788
2017-09-21,10,5072.917511749081
2017-09-21,11,5077.898594774306
2017-09-21,12,5083.533427068032
2017-09-21,13,5088.514510093257
2017-09-21,14,5093.49559311755
2017-09-21,15,5098.4766761427745
2017-09-21,16,5103.457759167068
2017-09-21,17,5108.438842192292
2017-09-21,18,5114.073674485087
2017-09-21,19,5119.054757510312
2017-09-21,20,5124.035840534605
2017-09-21,21,5129.01692355983
2017-09-21,22,5133.998006584123
2017-09-21,23,5138.979089609347
2017-09-21,24,5144.613921903074
2017-09-22,1,5089.891772970557
2017-09-22,2,5094.87285599485
2017-09-22,3,5099.853939020075
2017-09-22,4,5104.835022044368
2017-09-22,5,5109.816105069593
2017-09-22,6,5112.835940286517
2017-09-22,7,5117.817023311742
2017-09-22,8,5122.798106336035
2017-09-22,9,5127.779189361259
2017-09-22,10,5132.7602723855525
2017-09-22,11,5137.741355410777
2017-09-22,12,5143.3761877045035
2017-09-22,13,5148.357270729728
2017-09-22,14,5153.338353754021
2017-09-22,15,5158.319436779246
2017-09-22,16,5163.300519803539
2017-09-22,17,5168.281602828763
2017-09-22,18,5173.916435121559
2017-09-22,19,5178.897518146783
2017-09-22,20,5183.878601171076
2017-09-22,21,5188.8596841953695
2017-09-22,22,5193.840767220594
2017-09-22,23,5198.821850244887
2017-09-22,24,5204.456682539545
2017-09-23,1,5064.416278267279
2017-09-23,2,5069.397361291572
2017-09-23,3,5074.378444316797
2017-09-23,4,5079.35952734109
2017-09-23,5,5084.340610366315
2017-09-23,6,5087.360445583239
2017-09-23,7,5092.341528607532
2017-09-23,8,5097.322611632757
2017-09-23,9,5102.30369465705
2017-09-23,10,5107.284777682275
2017-09-23,11,5112.265860706568
2017-09-23,12,5117.900693001226
2017-09-23,13,5122.881776025519
2017-09-23,14,5127.862859050743
2017-09-23,15,5132.8439420750365
2017-09-23,16,5137.825025100261
2017-09-23,17,5142.806108124554
2017-09-23,18,5148.440940418281
2017-09-23,19,5153.422023442574
2017-09-23,20,5158.403106467798
2017-09-23,21,5163.3841894920915
2017-09-23,22,5168.365272517316
2017-09-23,23,5173.346355541609
2017-09-23,24,5178.981187836267
2017-09-24,1,5067.115588851273
2017-09-24,2,5072.096671875566
2017-09-24,3,5077.077754900791
2017-09-24,4,5082.058837925084
2017-09-24,5,5087.039920950308
2017-09-24,6,5090.059756167233
2017-09-24,7,5095.040839191526
2017-09-24,8,5100.021922216751
2017-09-24,9,5105.003005241044
2017-09-24,10,5109.984088266268
2017-09-24,11,5114.965171290562
2017-09-24,12,5120.600003585219
2017-09-24,13,5125.581086609513
2017-09-24,14,5130.562169634737
2017-09-24,15,5135.54325265903
2017-09-24,16,5140.524335684255
2017-09-24,17,5145.505418708548
2017-09-24,18,5151.140251002274
2017-09-24,19,5156.121334026568
2017-09-24,20,5161.102417051792
2017-09-24,21,5166.083500076085
2017-09-24,22,5171.06458310131
2017-09-24,23,5176.045666125603
2017-09-24,24,5181.680498420261
2017-09-25,1,5090.782697045244
2017-09-25,2,5095.7637800695375
2017-09-25,3,5100.744863094762
2017-09-25,4,5105.725946119055
2017-09-25,5,5110.70702914428
2017-09-25,6,5113.726864361204
2017-09-25,7,5118.707947385497
2017-09-25,8,5123.689030410722
2017-09-25,9,5128.670113435015
2017-09-25,10,5133.65119646024
2017-09-25,11,5138.632279484533
2017-09-25,12,5144.267111779191
2017-09-25,13,5149.248194803484
2017-09-25,14,5154.229277828708
2017-09-25,15,5159.2103608530015
2017-09-25,16,5164.191443878226
2017-09-25,17,5169.172526902519
2017-09-25,18,5174.807359196246
2017-09-25,19,5179.788442220539
2017-09-25,20,5184.769525245763
2017-09-25,21,5189.750608270057
2017-09-25,22,5194.731691295281
2017-09-25,23,5199.712774319574
2017-09-25,24,5205.347606614232
2017-09-26,1,5069.377932952717
2017-09-26,2,5074.359015977941
2017-09-26,3,5079.340099002235
2017-09-26,4,5084.321182027459
2017-09-26,5,5089.302265051752
2017-09-26,6,5092.322100269608
2017-09-26,7,5097.303183293901
2017-09-26,8,5102.284266319126
2017-09-26,9,5107.265349343419
2017-09-26,10,5112.246432368644
2017-09-26,11,5117.227515392937
2017-09-26,12,5122.862347687595
2017-09-26,13,5127.843430711888
2017-09-26,14,5132.824513737112
2017-09-26,15,5137.8055967614055
2017-09-26,16,5142.78667978663
2017-09-26,17,5147.767762810923
2017-09-26,18,5153.40259510465
2017-09-26,19,5158.383678128943
2017-09-26,20,5163.364761154167
2017-09-26,21,5168.3458441784605
2017-09-26,22,5173.326927203685
2017-09-26,23,5178.308010227978
2017-09-26,24,5183.942842521705
2017-09-27,1,5062.614688205533
2017-09-27,2,5067.595771229826
2017-09-27,3,5072.576854254119
2017-09-27,4,5077.557937279344
2017-09-27,5,5082.539020303637
2017-09-27,6,5085.558855521493
2017-09-27,7,5090.539938545786
2017-09-27,8,5095.52102157101
2017-09-27,9,5100.5021045953035
2017-09-27,10,5105.483187620528
2017-09-27,11,5110.464270644821
2017-09-27,12,5116.099102939479
2017-09-27,13,5121.080185963772
2017-09-27,14,5126.061268988997
2017-09-27,15,5131.04235201329
2017-09-27,16,5136.023435038514
2017-09-27,17,5141.004518062808
2017-09-27,18,5146.639350356534
2017-09-27,19,5151.620433380827
2017-09-27,20,5156.601516406052
2017-09-27,21,5161.582599430345
2017-09-27,22,5166.5636824555695
2017-09-27,23,5171.544765479863
2017-09-27,24,5177.1795977745205
2017-09-28,1,5060.57539948076
2017-09-28,2,5065.556482505985
2017-09-28,3,5070.537565530278
2017-09-28,4,5075.518648555502
2017-09-28,5,5080.4997315797955
2017-09-28,6,5083.519566797651
2017-09-28,7,5088.5006498219445
2017-09-28,8,5093.481732847169
2017-09-28,9,5098.462815871462
2017-09-28,10,5103.443898896687
2017-09-28,11,5108.42498192098
2017-09-28,12,5114.059814215638
2017-09-28,13,5119.040897239931
2017-09-28,14,5124.021980265155
2017-09-28,15,5129.003063289449
2017-09-28,16,5133.984146314673
2017-09-28,17,5138.965229338966
2017-09-28,18,5144.6000616317615
2017-09-28,19,5149.581144656986
2017-09-28,20,5154.562227681279
2017-09-28,21,5159.543310706504
2017-09-28,22,5164.524393730797
2017-09-28,23,5169.505476756021
2017-09-28,24,5175.140309049748
2017-09-29,1,5143.515534600243
2017-09-29,2,5148.496617624536
2017-09-29,3,5153.477700649761
2017-09-29,4,5158.458783674054
2017-09-29,5,5163.439866699278
2017-09-29,6,5166.459701916203
2017-09-29,7,5171.440784940496
2017-09-29,8,5176.421867965721
2017-09-29,9,5181.402950990014
2017-09-29,10,5186.384034015238
2017-09-29,11,5191.3651170395315
2017-09-29,12,5196.999949334189
2017-09-29,13,5201.9810323584825
2017-09-29,14,5206.962115383707
2017-09-29,15,5211.943198408
2017-09-29,16,5216.924281433225
2017-09-29,17,5221.905364457518
2017-09-29,18,5227.540196751244
2017-09-29,19,5232.521279775538
2017-09-29,20,5237.502362800762
2017-09-29,21,5242.483445825055
2017-09-29,22,5247.46452885028
2017-09-29,23,5252.445611874573
2017-09-29,24,5258.080444169231
2017-09-30,1,5170.672394636087
2017-09-30,2,5175.65347766038
2017-09-30,3,5180.634560685605
2017-09-30,4,5185.615643709898
2017-09-30,5,5190.5967267351225
2017-09-30,6,5193.616561952047
2017-09-30,7,5198.597644977272
2017-09-30,8,5203.578728001565
2017-09-30,9,5208.559811026789
2017-09-30,10,5213.540894051082
2017-09-30,11,5218.521977076307
2017-09-30,12,5224.156809370033
2017-09-30,13,5229.137892395258
2017-09-30,14,5234.118975419551
2017-09-30,15,5239.100058444776
2017-09-30,16,5244.081141469069
2017-09-30,17,5249.062224493362
2017-09-30,18,5254.6970567870885
2017-09-30,19,5259.678139811382
2017-09-30,20,5264.659222836606
2017-09-30,21,5269.640305860899
2017-09-30,22,5274.621388886124
2017-09-30,23,5279.602471910417
2017-09-30,24,5285.237304205075
2017-10-01,1,5103.063582387753
2017-10-01,2,5108.044665412046
2017-10-01,3,5113.0257484372705
2017-10-01,4,5118.006831461564
2017-10-01,5,5122.987914486788
2017-10-01,6,5126.007749703713
2017-10-01,7,5130.988832728937
2017-10-01,8,5135.96991575323
2017-10-01,9,5140.950998778455
2017-10-01,10,5145.932081802748
2017-10-01,11,5150.913164827973
2017-10-01,12,5156.547997121699
2017-10-01,13,5161.529080146924
2017-10-01,14,5166.510163171217
2017-10-01,15,5171.491246196441
2017-10-01,16,5176.4723292207345
2017-10-01,17,5181.453412245959
2017-10-01,18,5187.088244538754
2017-10-01,19,5192.069327563979
2017-10-01,20,5197.050410588272
2017-10-01,21,5202.031493613496
2017-10-01,22,5207.01257663779
2017-10-01,23,5211.993659663014
2017-10-01,24,5217.628491956741
2017-10-02,1,5122.887463963591
2017-10-02,2,5127.868546987884
2017-10-02,3,5132.849630013108
2017-10-02,4,5137.830713037401
2017-10-02,5,5142.811796062626
2017-10-02,6,5145.8316312795505
2017-10-02,7,5150.812714304775
2017-10-02,8,5155.793797329068
2017-10-02,9,5160.774880354293
2017-10-02,10,5165.755963378586
2017-10-02,11,5170.73704640381
2017-10-02,12,5176.371878697537
2017-10-02,13,5181.352961722761
2017-10-02,14,5186.334044747055
2017-10-02,15,5191.315127771348
2017-10-02,16,5196.296210796572
2017-10-02,17,5201.277293820865
2017-10-02,18,5206.912126114592
2017-10-02,19,5211.893209138885
2017-10-02,20,5216.87429216411
2017-10-02,21,5221.855375188403
2017-10-02,22,5226.836458213627
2017-10-02,23,5231.8175412379205
2017-10-02,24,5237.452373532578
2017-10-03,1,5199.854795590974
2017-10-03,2,5204.835878616199
2017-10-03,3,5209.816961640492
2017-10-03,4,5214.798044665717
2017-10-03,5,5219.77912769001
2017-10-03,6,5222.798962907866
2017-10-03,7,5227.780045932159
2017-10-03,8,5232.761128957383
2017-10-03,9,5237.7422119816765
2017-10-03,10,5242.723295006901
2017-10-03,11,5247.704378031194
2017-10-03,12,5253.339210325852
2017-10-03,13,5258.320293350145
2017-10-03,14,5263.30137637537
2017-10-03,15,5268.282459399663
2017-10-03,16,5273.263542424887
2017-10-03,17,5278.244625449181
2017-10-03,18,5283.879457742907
2017-10-03,19,5288.8605407672
2017-10-03,20,5293.8416237914935
2017-10-03,21,5298.822706816718
2017-10-03,22,5303.803789841011
2017-10-03,23,5308.784872866236
2017-10-03,24,5314.419705159962
2017-10-04,1,5201.092397998087
2017-10-04,2,5206.07348102238
2017-10-04,3,5211.054564047605
2017-10-04,4,5216.035647071898
2017-10-04,5,5221.0167300971225
2017-10-04,6,5224.036565314047
2017-10-04,7,5229.017648339272
2017-10-04,8,5233.998731363565
2017-10-04,9,5238.979814388789
2017-10-04,10,5243.960897413082
2017-10-04,11,5248.941980438307
2017-10-04,12,5254.576812732033
2017-10-04,13,5259.557895757258
2017-10-04,14,5264.538978781551
2017-10-04,15,5269.520061806776
2017-10-04,16,5274.501144831069
2017-10-04,17,5279.482227856293
2017-10-04,18,5285.1170601490885
2017-10-04,19,5290.098143174313
2017-10-04,20,5295.079226198606
2017-10-04,21,5300.060309223831
2017-10-04,22,5305.041392248124
2017-10-04,23,5310.022475273348
2017-10-04,24,5315.657307567075
2017-10-05,1,5183.845254443586
2017-10-05,2,5188.82633746881
2017-10-05,3,5193.807420493104
2017-10-05,4,5198.788503517397
2017-10-05,5,5203.769586542621
2017-10-05,6,5206.789421759546
2017-10-05,7,5211.77050478477
2017-10-05,8,5216.7515878090635
2017-10-05,9,5221.732670834288
2017-10-05,10,5226.713753858581
2017-10-05,11,5231.694836883806
2017-10-05,12,5237.329669177532
2017-10-05,13,5242.310752202757
2017-10-05,14,5247.29183522705
2017-10-05,15,5252.272918252274
2017-10-05,16,5257.254001276568
2017-10-05,17,5262.235084301792
2017-10-05,18,5267.869916594587
2017-10-05,19,5272.850999619812
2017-10-05,20,5277.832082644105
2017-10-05,21,5282.8131656693295
2017-10-05,22,5287.794248693623
2017-10-05,23,5292.775331718847
2017-10-05,24,5298.410164012574
2017-10-06,1,5234.89332844317
2017-10-06,2,5239.874411468394
2017-10-06,3,5244.855494492687
2017-10-06,4,5249.8365775169805
2017-10-06,5,5254.817660542205
2017-10-06,6,5257.8374957591295
2017-10-06,7,5262.818578784354
2017-10-06,8,5267.799661808647
2017-10-06,9,5272.780744833872
2017-10-06,10,5277.761827858165
2017-10-06,11,5282.742910883389
2017-10-06,12,5288.377743177116
2017-10-06,13,5293.35882620234
2017-10-06,14,5298.339909226634
2017-10-06,15,5303.320992251858
2017-10-06,16,5308.302075276151
2017-10-06,17,5313.283158301376
2017-10-06,18,5318.917990594171
2017-10-06,19,5323.8990736193955
2017-10-06,20,5328.880156643689
2017-10-06,21,5333.861239668913
2017-10-06,22,5338.842322693206
2017-10-06,23,5343.823405718431
2017-10-06,24,5349.458238012157
2017-10-07,1,5082.430568030104
2017-10-07,2,5087.411651055329
2017-10-07,3,5092.392734079622
2017-10-07,4,5097.373817104846
2017-10-07,5,5102.354900129139
2017-10-07,6,5105.374735346995
2017-10-07,7,5110.3558183712885
2017-10-07,8,5115.336901396513
2017-10-07,9,5120.317984420806
2017-10-07,10,5125.299067446031
2017-10-07,11,5130.280150470324
2017-10-07,12,5135.914982764982
2017-10-07,13,5140.896065789275
2017-10-07,14,5145.877148814499
2017-10-07,15,5150.858231838793
2017-10-07,16,5155.839314864017
2017-10-07,17,5160.82039788831
2017-10-07,18,5166.455230182037
2017-10-07,19,5171.43631320633
2017-10-07,20,5176.417396231554
2017-10-07,21,5181.398479255848
2017-10-07,22,5186.379562281072
2017-10-07,23,5191.360645305365
2017-10-07,24,5196.995477600023
2017-10-08,1,5037.5749546783045
2017-10-08,2,5042.556037702598
2017-10-08,3,5047.537120727822
2017-10-08,4,5052.518203752115
2017-10-08,5,5057.49928677734
2017-10-08,6,5060.519121994264
2017-10-08,7,5065.500205019489
2017-10-08,8,5070.481288043782
2017-10-08,9,5075.462371069007
2017-10-08,10,5080.4434540933
2017-10-08,11,5085.424537118524
2017-10-08,12,5091.059369412251
2017-10-08,13,5096.040452436544
2017-10-08,14,5101.0215354617685
2017-10-08,15,5106.002618486062
2017-10-08,16,5110.983701511286
2017-10-08,17,5115.964784535579
2017-10-08,18,5121.599616829306
2017-10-08,19,5126.580699853599
2017-10-08,20,5131.561782878824
2017-10-08,21,5136.542865903117
2017-10-08,22,5141.523948928341
2017-10-08,23,5146.505031952634
2017-10-08,24,5152.139864247292
2017-10-09,1,5080.622181521729
2017-10-09,2,5085.603264546953
2017-10-09,3,5090.584347571246
2017-10-09,4,5095.565430596471
2017-10-09,5,5100.546513620764
2017-10-09,6,5103.56634883862
2017-10-09,7,5108.547431862913
2017-10-09,8,5113.528514888138
2017-10-09,9,5118.509597912431
2017-10-09,10,5123.490680937655
2017-10-09,11,5128.471763961948
2017-10-09,12,5134.106596256606
2017-10-09,13,5139.0876792808995
2017-10-09,14,5144.068762305193
2017-10-09,15,5149.049845330417
2017-10-09,16,5154.03092835471
2017-10-09,17,5159.012011379935
2017-10-09,18,5164.64684367273
2017-10-09,19,5169.6279266979545
2017-10-09,20,5174.609009722248
2017-10-09,21,5179.590092747472
2017-10-09,22,5184.571175771765
2017-10-09,23,5189.55225879699
2017-10-09,24,5195.187091090716
2017-10-10,1,5033.511020513251
2017-10-10,2,5038.492103537545
2017-10-10,3,5043.473186562769
2017-10-10,4,5048.454269587062
2017-10-10,5,5053.435352612287
2017-10-10,6,5056.455187829211
2017-10-10,7,5061.436270854436
2017-10-10,8,5066.417353878729
2017-10-10,9,5071.398436903954
2017-10-10,10,5076.379519928247
2017-10-10,11,5081.360602953471
2017-10-10,12,5086.995435247198
2017-10-10,13,5091.976518272422
2017-10-10,14,5096.957601296715
2017-10-10,15,5101.93868432194
2017-10-10,16,5106.919767346233
2017-10-10,17,5111.900850370526
2017-10-10,18,5117.535682664253
2017-10-10,19,5122.516765688546
2017-10-10,20,5127.4978487137705
2017-10-10,21,5132.478931738064
2017-10-10,22,5137.460014763288
2017-10-10,23,5142.441097787581
2017-10-10,24,5148.075930082239
2017-10-11,1,5063.15093219839
2017-10-11,2,5068.132015222684
2017-10-11,3,5073.113098246977
2017-10-11,4,5078.094181272201
2017-10-11,5,5083.075264296494
2017-10-11,6,5086.09509951435
2017-10-11,7,5091.0761825386435
2017-10-11,8,5096.057265563868
2017-10-11,9,5101.038348588161
2017-10-11,10,5106.019431613386
2017-10-11,11,5111.000514637679
2017-10-11,12,5116.635346932337
2017-10-11,13,5121.61642995663
2017-10-11,14,5126.597512981854
2017-10-11,15,5131.578596006148
2017-10-11,16,5136.559679031372
2017-10-11,17,5141.540762055665
2017-10-11,18,5147.175594349392
2017-10-11,19,5152.156677373685
2017-10-11,20,5157.137760398909
2017-10-11,21,5162.118843423203
2017-10-11,22,5167.099926448427
2017-10-11,23,5172.08100947272
2017-10-11,24,5177.715841767378
2017-10-12,1,5107.204859233461
2017-10-12,2,5112.1859422577545
2017-10-12,3,5117.167025282979
2017-10-12,4,5122.148108307272
2017-10-12,5,5127.129191332497
2017-10-12,6,5130.149026549421
2017-10-12,7,5135.130109574646
2017-10-12,8,5140.111192598939
2017-10-12,9,5145.092275624163
2017-10-12,10,5150.073358648457
2017-10-12,11,5155.05444167275
2017-10-12,12,5160.689273967408
2017-10-12,13,5165.670356991701
2017-10-12,14,5170.651440016925
2017-10-12,15,5175.6325230412185
2017-10-12,16,5180.613606066443
2017-10-12,17,5185.594689090736
2017-10-12,18,5191.229521384463
2017-10-12,19,5196.210604408756
2017-10-12,20,5201.19168743398
2017-10-12,21,5206.172770458274
2017-10-12,22,5211.153853483498
2017-10-12,23,5216.134936507791
2017-10-12,24,5221.769768802449
2017-10-13,1,5188.683286176994
2017-10-13,2,5193.664369201288
2017-10-13,3,5198.645452226512
2017-10-13,4,5203.626535250805
2017-10-13,5,5208.60761827603
2017-10-13,6,5211.627453492954
2017-10-13,7,5216.608536517248
2017-10-13,8,5221.589619542472
2017-10-13,9,5226.570702566765
2017-10-13,10,5231.55178559199
2017-10-13,11,5236.532868616283
2017-10-13,12,5242.167700910941
2017-10-13,13,5247.148783935234
2017-10-13,14,5252.1298669604585
2017-10-13,15,5257.110949984752
2017-10-13,16,5262.092033009976
2017-10-13,17,5267.073116034269
2017-10-13,18,5272.707948327996
2017-10-13,19,5277.689031352289
2017-10-13,20,5282.6701143775135
2017-10-13,21,5287.651197401807
2017-10-13,22,5292.632280427031
2017-10-13,23,5297.613363451324
2017-10-13,24,5303.248195745982
2017-10-14,1,5138.082373325713
2017-10-14,2,5143.063456350006
2017-10-14,3,5148.044539375231
2017-10-14,4,5153.025622399524
2017-10-14,5,5158.006705424748
2017-10-14,6,5161.026540641673
2017-10-14,7,5166.007623666897
2017-10-14,8,5170.988706691191
2017-10-14,9,5175.969789716415
2017-10-14,10,5180.950872740708
2017-10-14,11,5185.931955765933
2017-10-14,12,5191.566788059659
2017-10-14,13,5196.547871084884
2017-10-14,14,5201.528954109177
2017-10-14,15,5206.5100371344015
2017-10-14,16,5211.491120158695
2017-10-14,17,5216.472203183919
2017-10-14,18,5222.107035476714
2017-10-14,19,5227.088118501939
2017-10-14,20,5232.069201526232
2017-10-14,21,5237.050284551457
2017-10-14,22,5242.03136757575
2017-10-14,23,5247.012450600974
2017-10-14,24,5252.647282894701
2017-10-15,1,5260.915416720323
2017-10-15,2,5265.896499745548
2017-10-15,3,5270.877582769841
2017-10-15,4,5275.8586657950655
2017-10-15,5,5280.839748819359
2017-10-15,6,5283.859584036283
2017-10-15,7,5288.840667061508
2017-10-15,8,5293.821750085801
2017-10-15,9,5298.802833111025
2017-10-15,10,5303.783916135319
2017-10-15,11,5308.764999160543
2017-10-15,12,5314.39983145427
2017-10-15,13,5319.380914479494
2017-10-15,14,5324.361997503787
2017-10-15,15,5329.343080529012
2017-10-15,16,5334.324163553305
2017-10-15,17,5339.3052465785295
2017-10-15,18,5344.940078871325
2017-10-15,19,5349.921161896549
2017-10-15,20,5354.902244920842
2017-10-15,21,5359.883327946067
2017-10-15,22,5364.86441097036
2017-10-15,23,5369.845493995585
2017-10-15,24,5375.480326289311
2017-10-16,1,5240.972360805608
2017-10-16,2,5245.953443830833
2017-10-16,3,5250.934526855126
2017-10-16,4,5255.9156098803505
2017-10-16,5,5260.896692904644
2017-10-16,6,5263.9165281225
2017-10-16,7,5268.897611146793
2017-10-16,8,5273.878694172017
2017-10-16,9,5278.8597771963105
2017-10-16,10,5283.840860221535
2017-10-16,11,5288.821943245828
2017-10-16,12,5294.456775540486
2017-10-16,13,5299.437858564779
2017-10-16,14,5304.418941590004
2017-10-16,15,5309.400024614297
2017-10-16,16,5314.38110763859
2017-10-16,17,5319.3621906638145
2017-10-16,18,5324.99702295661
2017-10-16,19,5329.978105981834
2017-10-16,20,5334.959189006127
2017-10-16,21,5339.940272031352
2017-10-16,22,5344.921355055645
2017-10-16,23,5349.90243808087
2017-10-16,24,5355.537270374596
2017-10-17,1,5053.694122920744
2017-10-17,2,5058.675205945037
2017-10-17,3,5063.656288970262
2017-10-17,4,5068.637371994555
2017-10-17,5,5073.6184550197795
2017-10-17,6,5076.638290236704
2017-10-17,7,5081.619373261929
2017-10-17,8,5086.600456286222
2017-10-17,9,5091.581539311446
2017-10-17,10,5096.562622335739
2017-10-17,11,5101.543705360033
2017-10-17,12,5107.17853765469
2017-10-17,13,5112.159620678984
2017-10-17,14,5117.140703704208
2017-10-17,15,5122.121786728501
2017-10-17,16,5127.102869753726
2017-10-17,17,5132.083952778019
2017-10-17,18,5137.7187850717455
2017-10-17,19,5142.699868096039
2017-10-17,20,5147.680951121263
2017-10-17,21,5152.662034145556
2017-10-17,22,5157.643117170781
2017-10-17,23,5162.624200195074
2017-10-17,24,5168.259032489732
2017-10-18,1,5017.875343478285
2017-10-18,2,5022.856426503509
2017-10-18,3,5027.8375095278025
2017-10-18,4,5032.818592552096
2017-10-18,5,5037.79967557732
2017-10-18,6,5040.819510794245
2017-10-18,7,5045.800593819469
2017-10-18,8,5050.781676843762
2017-10-18,9,5055.762759868987
2017-10-18,10,5060.74384289328
2017-10-18,11,5065.724925918505
2017-10-18,12,5071.359758212231
2017-10-18,13,5076.340841237456
2017-10-18,14,5081.321924261749
2017-10-18,15,5086.303007286973
2017-10-18,16,5091.2840903112665
2017-10-18,17,5096.265173336491
2017-10-18,18,5101.900005629286
2017-10-18,19,5106.881088654511
2017-10-18,20,5111.862171678804
2017-10-18,21,5116.843254704028
2017-10-18,22,5121.824337728322
2017-10-18,23,5126.805420753546
2017-10-18,24,5132.440253047273
2017-10-19,1,4921.621579570696
2017-10-19,2,4926.60266259592
2017-10-19,3,4931.583745620213
2017-10-19,4,4936.564828645438
2017-10-19,5,4941.545911669731
2017-10-19,6,4944.565746887587
2017-10-19,7,4949.54682991188
2017-10-19,8,4954.527912937105
2017-10-19,9,4959.508995961398
2017-10-19,10,4964.490078986622
2017-10-19,11,4969.471162010916
2017-10-19,12,4975.105994305573
2017-10-19,13,4980.087077329867
2017-10-19,14,4985.068160355091
2017-10-19,15,4990.049243379384
2017-10-19,16,4995.030326404609
2017-10-19,17,5000.011409428902
2017-10-19,18,5005.646241721697
2017-10-19,19,5010.627324746922
2017-10-19,20,5015.608407771215
2017-10-19,21,5020.589490796439
2017-10-19,22,5025.5705738207325
2017-10-19,23,5030.551656845957
2017-10-19,24,5036.1864891396835
2017-10-20,1,5067.324493457563
2017-10-20,2,5072.305576482788
2017-10-20,3,5077.286659507081
2017-10-20,4,5082.267742532305
2017-10-20,5,5087.248825556599
2017-10-20,6,5090.268660773523
2017-10-20,7,5095.249743798748
2017-10-20,8,5100.230826823041
2017-10-20,9,5105.211909848265
2017-10-20,10,5110.1929928725585
2017-10-20,11,5115.174075897783
2017-10-20,12,5120.8089081915095
2017-10-20,13,5125.789991216734
2017-10-20,14,5130.771074241027
2017-10-20,15,5135.752157266252
2017-10-20,16,5140.733240290545
2017-10-20,17,5145.714323315769
2017-10-20,18,5151.349155608565
2017-10-20,19,5156.330238633789
2017-10-20,20,5161.311321658082
2017-10-20,21,5166.292404683307
2017-10-20,22,5171.2734877076
2017-10-20,23,5176.2545707328245
2017-10-20,24,5181.889403026551
2017-10-21,1,5177.4180903900415
2017-10-21,2,5182.399173415266
2017-10-21,3,5187.380256439559
2017-10-21,4,5192.361339464784
2017-10-21,5,5197.342422489077
2017-10-21,6,5200.362257706933
2017-10-21,7,5205.343340731226
2017-10-21,8,5210.32442375645
2017-10-21,9,5215.305506780744
2017-10-21,10,5220.286589805968
2017-10-21,11,5225.267672830261
2017-10-21,12,5230.902505124919
2017-10-21,13,5235.883588149212
2017-10-21,14,5240.864671174437
2017-10-21,15,5245.84575419873
2017-10-21,16,5250.8268372239545
2017-10-21,17,5255.807920248248
2017-10-21,18,5261.442752541974
2017-10-21,19,5266.423835566267
2017-10-21,20,5271.404918591492
2017-10-21,21,5276.386001615785
2017-10-21,22,5281.36708464101
2017-10-21,23,5286.348167665303
2017-10-21,24,5291.982999959961
2017-10-22,1,5074.765801569447
2017-10-22,2,5079.746884594671
2017-10-22,3,5084.727967618965
2017-10-22,4,5089.709050644189
2017-10-22,5,5094.690133668482
2017-10-22,6,5097.709968886338
2017-10-22,7,5102.691051910631
2017-10-22,8,5107.672134935856
2017-10-22,9,5112.653217960149
2017-10-22,10,5117.634300985374
2017-10-22,11,5122.615384009667
2017-10-22,12,5128.250216304325
2017-10-22,13,5133.231299328618
2017-10-22,14,5138.212382353842
2017-10-22,15,5143.193465378135
2017-10-22,16,5148.17454840336
2017-10-22,17,5153.155631427653
2017-10-22,18,5158.790463720448
2017-10-22,19,5163.771546745673
2017-10-22,20,5168.752629769966
2017-10-22,21,5173.7337127951905
2017-10-22,22,5178.714795819484
2017-10-22,23,5183.695878844708
2017-10-22,24,5189.330711138435
2017-10-23,1,5005.893003469333
2017-10-23,2,5010.874086493626
2017-10-23,3,5015.855169518851
2017-10-23,4,5020.836252543144
2017-10-23,5,5025.817335567437
2017-10-23,6,5028.837170785293
2017-10-23,7,5033.818253809586
2017-10-23,8,5038.799336834811
2017-10-23,9,5043.780419859104
2017-10-23,10,5048.761502884328
2017-10-23,11,5053.742585908622
2017-10-23,12,5059.377418203279
2017-10-23,13,5064.358501227573
2017-10-23,14,5069.339584252797
2017-10-23,15,5074.32066727709
2017-10-23,16,5079.301750302315
2017-10-23,17,5084.282833326608
2017-10-23,18,5089.917665620334
2017-10-23,19,5094.898748644628
2017-10-23,20,5099.879831669852
2017-10-23,21,5104.860914694145
2017-10-23,22,5109.84199771937
2017-10-23,23,5114.823080743663
2017-10-23,24,5120.457913038321
2017-10-24,1,5092.3228904297575
2017-10-24,2,5097.303973454982
2017-10-24,3,5102.285056479275
2017-10-24,4,5107.266139503568
2017-10-24,5,5112.247222528793
2017-10-24,6,5115.2670577457175
2017-10-24,7,5120.248140770942
2017-10-24,8,5125.229223795235
2017-10-24,9,5130.21030682046
2017-10-24,10,5135.191389844753
2017-10-24,11,5140.172472869977
2017-10-24,12,5145.807305163704
2017-10-24,13,5150.788388188928
2017-10-24,14,5155.769471213222
2017-10-24,15,5160.750554238446
2017-10-24,16,5165.731637262739
2017-10-24,17,5170.712720287964
2017-10-24,18,5176.347552580759
2017-10-24,19,5181.328635605983
2017-10-24,20,5186.309718630277
2017-10-24,21,5191.290801655501
2017-10-24,22,5196.271884679794
2017-10-24,23,5201.252967705019
2017-10-24,24,5206.887799998745
2017-10-25,1,5164.779126743786
2017-10-25,2,5169.7602097690105
2017-10-25,3,5174.741292793304
2017-10-25,4,5179.722375818528
2017-10-25,5,5184.703458842821
2017-10-25,6,5187.723294060677
2017-10-25,7,5192.7043770849705
2017-10-25,8,5197.685460110195
2017-10-25,9,5202.666543134488
2017-10-25,10,5207.647626159713
2017-10-25,11,5212.628709184006
2017-10-25,12,5218.263541478664
2017-10-25,13,5223.244624502957
2017-10-25,14,5228.225707528181
2017-10-25,15,5233.206790552475
2017-10-25,16,5238.187873577699
2017-10-25,17,5243.168956601992
2017-10-25,18,5248.803788894787
2017-10-25,19,5253.784871920012
2017-10-25,20,5258.765954944305
2017-10-25,21,5263.74703796953
2017-10-25,22,5268.728120993823
2017-10-25,23,5273.709204019047
2017-10-25,24,5279.344036312774
2017-10-26,1,5161.505633836612
2017-10-26,2,5166.486716860905
2017-10-26,3,5171.46779988613
2017-10-26,4,5176.448882910423
2017-10-26,5,5181.4299659356475
2017-10-26,6,5184.449801152572
2017-10-26,7,5189.430884176865
2017-10-26,8,5194.41196720209
2017-10-26,9,5199.393050226383
2017-10-26,10,5204.374133251607
2017-10-26,11,5209.355216275901
2017-10-26,12,5214.990048570558
2017-10-26,13,5219.971131594852
2017-10-26,14,5224.952214620076
2017-10-26,15,5229.933297644369
2017-10-26,16,5234.914380669594
2017-10-26,17,5239.895463693887
2017-10-26,18,5245.5302959876135
2017-10-26,19,5250.511379011907
2017-10-26,20,5255.492462037131
2017-10-26,21,5260.473545061424
2017-10-26,22,5265.454628086649
2017-10-26,23,5270.435711110942
2017-10-26,24,5276.0705434056
2017-10-27,1,5225.733519002795
2017-10-27,2,5230.714602027088
2017-10-27,3,5235.695685051382
2017-10-27,4,5240.676768076606
2017-10-27,5,5245.657851100899
2017-10-27,6,5248.677686318755
2017-10-27,7,5253.658769343048
2017-10-27,8,5258.639852368273
2017-10-27,9,5263.620935392566
2017-10-27,10,5268.6020184177905
2017-10-27,11,5273.583101442084
2017-10-27,12,5279.2179337367415
2017-10-27,13,5284.199016761035
2017-10-27,14,5289.180099786259
2017-10-27,15,5294.161182810552
2017-10-27,16,5299.142265835777
2017-10-27,17,5304.12334886007
2017-10-27,18,5309.758181153797
2017-10-27,19,5314.73926417809
2017-10-27,20,5319.720347203314
2017-10-27,21,5324.7014302276075
2017-10-27,22,5329.682513252832
2017-10-27,23,5334.663596277125
2017-10-27,24,5340.298428571783
2017-10-28,1,5257.188613641076
2017-10-28,2,5262.169696665369
2017-10-28,3,5267.1507796905935
2017-10-28,4,5272.131862714887
2017-10-28,5,5277.112945740111
2017-10-28,6,5280.132780957036
2017-10-28,7,5285.11386398226
2017-10-28,8,5290.094947006553
2017-10-28,9,5295.076030031778
2017-10-28,10,5300.057113056071
2017-10-28,11,5305.038196080364
2017-10-28,12,5310.673028375022
2017-10-28,13,5315.654111399315
2017-10-28,14,5320.63519442454
2017-10-28,15,5325.616277448833
2017-10-28,16,5330.5973604740575
2017-10-28,17,5335.578443498351
2017-10-28,18,5341.213275792077
2017-10-28,19,5346.19435881637
2017-10-28,20,5351.175441841595
2017-10-28,21,5356.156524865888
2017-10-28,22,5361.137607891113
2017-10-28,23,5366.118690915406
2017-10-28,24,5371.753523210064
2017-10-29,1,5144.265286726877
2017-10-29,2,5149.24636975117
2017-10-29,3,5154.227452776395
2017-10-29,4,5159.208535800688
2017-10-29,5,5164.1896188259125
2017-10-29,6,5167.209454042837
2017-10-29,7,5172.1905370680615
2017-10-29,8,5177.171620092355
2017-10-29,9,5182.152703117579
2017-10-29,10,5187.133786141872
2017-10-29,11,5192.114869167097
2017-10-29,12,5197.749701460823
2017-10-29,13,5202.730784486048
2017-10-29,14,5207.711867510341
2017-10-29,15,5212.692950535566
2017-10-29,16,5217.674033559859
2017-10-29,17,5222.655116585083
2017-10-29,18,5228.2899488778785
2017-10-29,19,5233.271031903103
2017-10-29,20,5238.252114927396
2017-10-29,21,5243.233197951689
2017-10-29,22,5248.214280976914
2017-10-29,23,5253.195364001207
2017-10-29,24,5258.830196295865
2017-10-30,1,5165.236482559703
2017-10-30,2,5170.2175655839965
2017-10-30,3,5175.198648609221
2017-10-30,4,5180.179731633514
2017-10-30,5,5185.160814658739
2017-10-30,6,5188.180649875663
2017-10-30,7,5193.161732900888
2017-10-30,8,5198.142815925181
2017-10-30,9,5203.123898950405
2017-10-30,10,5208.104981974699
2017-10-30,11,5213.086064999923
2017-10-30,12,5218.72089729365
2017-10-30,13,5223.701980318874
2017-10-30,14,5228.683063343167
2017-10-30,15,5233.664146368392
2017-10-30,16,5238.645229392685
2017-10-30,17,5243.6263124179095
2017-10-30,18,5249.261144710705
2017-10-30,19,5254.242227735929
2017-10-30,20,5259.223310760222
2017-10-30,21,5264.204393785447
2017-10-30,22,5269.18547680974
2017-10-30,23,5274.166559834965
2017-10-30,24,5279.801392128691
2017-10-31,1,5119.146665024571
2017-10-31,2,5124.127748048864
2017-10-31,3,5129.108831074089
2017-10-31,4,5134.089914098382
2017-10-31,5,5139.0709971236065
2017-10-31,6,5142.090832340531
2017-10-31,7,5147.071915365756
2017-10-31,8,5152.052998390049
2017-10-31,9,5157.034081415273
2017-10-31,10,5162.015164439566
2017-10-31,11,5166.996247464791
2017-10-31,12,5172.631079758517
2017-10-31,13,5177.612162782811
2017-10-31,14,5182.593245808035
2017-10-31,15,5187.574328832328
2017-10-31,16,5192.555411857553
2017-10-31,17,5197.536494881846
2017-10-31,18,5203.1713271755725
2017-10-31,19,5208.152410199866
2017-10-31,20,5213.13349322509
2017-10-31,21,5218.114576249383
2017-10-31,22,5223.095659274608
2017-10-31,23,5228.076742298901
2017-10-31,24,5233.711574593559
2017-11-01,1,5019.642393432558
2017-11-01,2,5024.623476457782
2017-11-01,3,5029.604559482075
2017-11-01,4,5034.5856425073
2017-11-01,5,5039.566725531593
2017-11-01,6,5042.586560749449
2017-11-01,7,5047.567643773742
2017-11-01,8,5052.5487267989665
2017-11-01,9,5057.52980982326
2017-11-01,10,5062.510892848484
2017-11-01,11,5067.491975872777
2017-11-01,12,5073.126808167435
2017-11-01,13,5078.107891191728
2017-11-01,14,5083.088974216953
2017-11-01,15,5088.070057241246
2017-11-01,16,5093.051140266471
2017-11-01,17,5098.032223290764
2017-11-01,18,5103.66705558449
2017-11-01,19,5108.6481386087835
2017-11-01,20,5113.629221634008
2017-11-01,21,5118.610304658301
2017-11-01,22,5123.591387683526
2017-11-01,23,5128.572470707819
2017-11-01,24,5134.207303002477
